filename,label
15000.jpg,7
15001.jpg,6
15002.jpg,8
15003.jpg,4
15004.jpg,4
15005.jpg,5
15006.jpg,3
15007.jpg,3
15008.jpg,4
15009.jpg,2
15010.jpg,7
15011.jpg,5
15012.jpg,6
15013.jpg,0
15014.jpg,7
15015.jpg,2
15016.jpg,6
15017.jpg,3
15018.jpg,4
15019.jpg,1
15020.jpg,8
15021.jpg,0
15022.jpg,2
15023.jpg,2
15024.jpg,1
15025.jpg,5
15026.jpg,4
15027.jpg,0
15028.jpg,9
15029.jpg,3
15030.jpg,4
15031.jpg,4
15032.jpg,2
15033.jpg,3
15034.jpg,8
15035.jpg,5
15036.jpg,0
15037.jpg,1
15038.jpg,4
15039.jpg,6
15040.jpg,3
15041.jpg,9
15042.jpg,2
15043.jpg,9
15044.jpg,5
15045.jpg,7
15046.jpg,5
15047.jpg,5
15048.jpg,1
15049.jpg,7
15050.jpg,3
15051.jpg,1
15052.jpg,6
15053.jpg,3
15054.jpg,9
15055.jpg,0
15056.jpg,2
15057.jpg,2
15058.jpg,1
15059.jpg,4
15060.jpg,7
15061.jpg,1
15062.jpg,5
15063.jpg,9
15064.jpg,5
15065.jpg,0
15066.jpg,4
15067.jpg,9
15068.jpg,2
15069.jpg,9
15070.jpg,7
15071.jpg,0
15072.jpg,6
15073.jpg,8
15074.jpg,3
15075.jpg,6
15076.jpg,5
15077.jpg,2
15078.jpg,8
15079.jpg,1
15080.jpg,7
15081.jpg,5
15082.jpg,6
15083.jpg,9
15084.jpg,2
15085.jpg,6
15086.jpg,7
15087.jpg,9
15088.jpg,3
15089.jpg,6
15090.jpg,1
15091.jpg,0
15092.jpg,9
15093.jpg,0
15094.jpg,9
15095.jpg,8
15096.jpg,7
15097.jpg,7
15098.jpg,3
15099.jpg,2
15100.jpg,3
15101.jpg,5
15102.jpg,6
15103.jpg,7
15104.jpg,8
15105.jpg,7
15106.jpg,6
15107.jpg,9
15108.jpg,1
15109.jpg,9
15110.jpg,8
15111.jpg,6
15112.jpg,5
15113.jpg,4
15114.jpg,7
15115.jpg,5
15116.jpg,6
15117.jpg,7
15118.jpg,2
15119.jpg,5
15120.jpg,9
15121.jpg,6
15122.jpg,6
15123.jpg,7
15124.jpg,0
15125.jpg,1
15126.jpg,0
15127.jpg,1
15128.jpg,4
15129.jpg,1
15130.jpg,8
15131.jpg,6
15132.jpg,1
15133.jpg,2
15134.jpg,3
15135.jpg,1
15136.jpg,9
15137.jpg,9
15138.jpg,8
15139.jpg,6
15140.jpg,8
15141.jpg,7
15142.jpg,8
15143.jpg,9
15144.jpg,0
15145.jpg,4
15146.jpg,8
15147.jpg,1
15148.jpg,3
15149.jpg,6
15150.jpg,4
15151.jpg,3
15152.jpg,9
15153.jpg,7
15154.jpg,2
15155.jpg,3
15156.jpg,3
15157.jpg,6
15158.jpg,3
15159.jpg,6
15160.jpg,0
15161.jpg,3
15162.jpg,3
15163.jpg,3
15164.jpg,0
15165.jpg,2
15166.jpg,9
15167.jpg,2
15168.jpg,7
15169.jpg,2
15170.jpg,9
15171.jpg,2
15172.jpg,4
15173.jpg,0
15174.jpg,6
15175.jpg,6
15176.jpg,3
15177.jpg,4
15178.jpg,3
15179.jpg,5
15180.jpg,9
15181.jpg,1
15182.jpg,9
15183.jpg,2
15184.jpg,3
15185.jpg,3
15186.jpg,5
15187.jpg,4
15188.jpg,8
15189.jpg,0
15190.jpg,0
15191.jpg,9
15192.jpg,9
15193.jpg,4
15194.jpg,7
15195.jpg,7
15196.jpg,2
15197.jpg,8
15198.jpg,9
15199.jpg,6
15200.jpg,3
15201.jpg,1
15202.jpg,9
15203.jpg,5
15204.jpg,3
15205.jpg,8
15206.jpg,3
15207.jpg,3
15208.jpg,4
15209.jpg,7
15210.jpg,3
15211.jpg,0
15212.jpg,5
15213.jpg,7
15214.jpg,9
15215.jpg,2
15216.jpg,6
15217.jpg,1
15218.jpg,2
15219.jpg,2
15220.jpg,0
15221.jpg,7
15222.jpg,5
15223.jpg,0
15224.jpg,0
15225.jpg,0
15226.jpg,1
15227.jpg,6
15228.jpg,3
15229.jpg,3
15230.jpg,8
15231.jpg,4
15232.jpg,5
15233.jpg,1
15234.jpg,7
15235.jpg,1
15236.jpg,0
15237.jpg,4
15238.jpg,2
15239.jpg,4
15240.jpg,9
15241.jpg,4
15242.jpg,0
15243.jpg,1
15244.jpg,2
15245.jpg,1
15246.jpg,7
15247.jpg,7
15248.jpg,9
15249.jpg,8
15250.jpg,7
15251.jpg,5
15252.jpg,4
15253.jpg,0
15254.jpg,9
15255.jpg,0
15256.jpg,0
15257.jpg,8
15258.jpg,2
15259.jpg,0
15260.jpg,0
15261.jpg,2
15262.jpg,4
15263.jpg,8
15264.jpg,6
15265.jpg,2
15266.jpg,8
15267.jpg,6
15268.jpg,3
15269.jpg,5
15270.jpg,1
15271.jpg,7
15272.jpg,5
15273.jpg,7
15274.jpg,2
15275.jpg,2
15276.jpg,9
15277.jpg,0
15278.jpg,0
15279.jpg,1
15280.jpg,8
15281.jpg,6
15282.jpg,4
15283.jpg,4
15284.jpg,6
15285.jpg,1
15286.jpg,6
15287.jpg,7
15288.jpg,4
15289.jpg,2
15290.jpg,5
15291.jpg,9
15292.jpg,4
15293.jpg,0
15294.jpg,8
15295.jpg,0
15296.jpg,4
15297.jpg,6
15298.jpg,5
15299.jpg,7
15300.jpg,9
15301.jpg,7
15302.jpg,2
15303.jpg,5
15304.jpg,7
15305.jpg,7
15306.jpg,3
15307.jpg,1
15308.jpg,9
15309.jpg,7
15310.jpg,0
15311.jpg,9
15312.jpg,5
15313.jpg,3
15314.jpg,6
15315.jpg,9
15316.jpg,4
15317.jpg,4
15318.jpg,1
15319.jpg,7
15320.jpg,3
15321.jpg,1
15322.jpg,4
15323.jpg,1
15324.jpg,2
15325.jpg,8
15326.jpg,7
15327.jpg,9
15328.jpg,0
15329.jpg,4
15330.jpg,7
15331.jpg,2
15332.jpg,9
15333.jpg,7
15334.jpg,6
15335.jpg,9
15336.jpg,3
15337.jpg,5
15338.jpg,8
15339.jpg,0
15340.jpg,4
15341.jpg,6
15342.jpg,8
15343.jpg,3
15344.jpg,2
15345.jpg,4
15346.jpg,7
15347.jpg,1
15348.jpg,1
15349.jpg,3
15350.jpg,9
15351.jpg,7
15352.jpg,5
15353.jpg,1
15354.jpg,8
15355.jpg,8
15356.jpg,7
15357.jpg,6
15358.jpg,1
15359.jpg,6
15360.jpg,9
15361.jpg,3
15362.jpg,2
15363.jpg,7
15364.jpg,7
15365.jpg,8
15366.jpg,9
15367.jpg,0
15368.jpg,3
15369.jpg,4
15370.jpg,6
15371.jpg,7
15372.jpg,3
15373.jpg,2
15374.jpg,0
15375.jpg,1
15376.jpg,5
15377.jpg,3
15378.jpg,1
15379.jpg,4
15380.jpg,1
15381.jpg,3
15382.jpg,0
15383.jpg,8
15384.jpg,6
15385.jpg,7
15386.jpg,1
15387.jpg,6
15388.jpg,5
15389.jpg,4
15390.jpg,1
15391.jpg,9
15392.jpg,0
15393.jpg,4
15394.jpg,1
15395.jpg,0
15396.jpg,1
15397.jpg,9
15398.jpg,8
15399.jpg,6
15400.jpg,9
15401.jpg,0
15402.jpg,4
15403.jpg,7
15404.jpg,6
15405.jpg,2
15406.jpg,7
15407.jpg,7
15408.jpg,9
15409.jpg,1
15410.jpg,4
15411.jpg,2
15412.jpg,6
15413.jpg,5
15414.jpg,4
15415.jpg,4
15416.jpg,1
15417.jpg,4
15418.jpg,8
15419.jpg,2
15420.jpg,6
15421.jpg,6
15422.jpg,1
15423.jpg,6
15424.jpg,3
15425.jpg,6
15426.jpg,5
15427.jpg,8
15428.jpg,2
15429.jpg,6
15430.jpg,7
15431.jpg,1
15432.jpg,9
15433.jpg,5
15434.jpg,6
15435.jpg,4
15436.jpg,6
15437.jpg,0
15438.jpg,7
15439.jpg,1
15440.jpg,9
15441.jpg,3
15442.jpg,2
15443.jpg,6
15444.jpg,7
15445.jpg,7
15446.jpg,6
15447.jpg,5
15448.jpg,9
15449.jpg,1
15450.jpg,5
15451.jpg,6
15452.jpg,0
15453.jpg,2
15454.jpg,0
15455.jpg,1
15456.jpg,1
15457.jpg,8
15458.jpg,6
15459.jpg,5
15460.jpg,0
15461.jpg,0
15462.jpg,0
15463.jpg,5
15464.jpg,7
15465.jpg,7
15466.jpg,8
15467.jpg,5
15468.jpg,3
15469.jpg,5
15470.jpg,1
15471.jpg,6
15472.jpg,1
15473.jpg,5
15474.jpg,1
15475.jpg,0
15476.jpg,6
15477.jpg,2
15478.jpg,3
15479.jpg,2
15480.jpg,1
15481.jpg,7
15482.jpg,5
15483.jpg,9
15484.jpg,9
15485.jpg,8
15486.jpg,3
15487.jpg,3
15488.jpg,9
15489.jpg,7
15490.jpg,5
15491.jpg,0
15492.jpg,2
15493.jpg,3
15494.jpg,9
15495.jpg,4
15496.jpg,3
15497.jpg,3
15498.jpg,9
15499.jpg,6
15500.jpg,8
15501.jpg,6
15502.jpg,6
15503.jpg,8
15504.jpg,5
15505.jpg,4
15506.jpg,4
15507.jpg,6
15508.jpg,5
15509.jpg,7
15510.jpg,4
15511.jpg,6
15512.jpg,9
15513.jpg,6
15514.jpg,2
15515.jpg,4
15516.jpg,0
15517.jpg,1
15518.jpg,3
15519.jpg,6
15520.jpg,4
15521.jpg,9
15522.jpg,2
15523.jpg,6
15524.jpg,0
15525.jpg,3
15526.jpg,8
15527.jpg,7
15528.jpg,5
15529.jpg,8
15530.jpg,3
15531.jpg,8
15532.jpg,3
15533.jpg,2
15534.jpg,6
15535.jpg,3
15536.jpg,6
15537.jpg,5
15538.jpg,7
15539.jpg,4
15540.jpg,5
15541.jpg,7
15542.jpg,9
15543.jpg,0
15544.jpg,0
15545.jpg,6
15546.jpg,7
15547.jpg,2
15548.jpg,2
15549.jpg,5
15550.jpg,5
15551.jpg,3
15552.jpg,5
15553.jpg,5
15554.jpg,9
15555.jpg,4
15556.jpg,1
15557.jpg,4
15558.jpg,7
15559.jpg,2
15560.jpg,3
15561.jpg,6
15562.jpg,4
15563.jpg,1
15564.jpg,6
15565.jpg,3
15566.jpg,1
15567.jpg,6
15568.jpg,7
15569.jpg,0
15570.jpg,5
15571.jpg,0
15572.jpg,1
15573.jpg,9
15574.jpg,7
15575.jpg,3
15576.jpg,5
15577.jpg,4
15578.jpg,3
15579.jpg,9
15580.jpg,5
15581.jpg,6
15582.jpg,2
15583.jpg,0
15584.jpg,0
15585.jpg,0
15586.jpg,0
15587.jpg,0
15588.jpg,3
15589.jpg,2
15590.jpg,4
15591.jpg,5
15592.jpg,3
15593.jpg,7
15594.jpg,9
15595.jpg,6
15596.jpg,9
15597.jpg,8
15598.jpg,9
15599.jpg,2
15600.jpg,3
15601.jpg,7
15602.jpg,4
15603.jpg,4
15604.jpg,1
15605.jpg,3
15606.jpg,7
15607.jpg,6
15608.jpg,9
15609.jpg,7
15610.jpg,8
15611.jpg,3
15612.jpg,8
15613.jpg,5
15614.jpg,8
15615.jpg,5
15616.jpg,6
15617.jpg,5
15618.jpg,0
15619.jpg,8
15620.jpg,6
15621.jpg,8
15622.jpg,1
15623.jpg,8
15624.jpg,1
15625.jpg,5
15626.jpg,0
15627.jpg,9
15628.jpg,1
15629.jpg,3
15630.jpg,7
15631.jpg,6
15632.jpg,5
15633.jpg,4
15634.jpg,5
15635.jpg,7
15636.jpg,4
15637.jpg,7
15638.jpg,4
15639.jpg,3
15640.jpg,3
15641.jpg,4
15642.jpg,7
15643.jpg,5
15644.jpg,7
15645.jpg,3
15646.jpg,8
15647.jpg,5
15648.jpg,8
15649.jpg,0
15650.jpg,5
15651.jpg,4
15652.jpg,0
15653.jpg,5
15654.jpg,4
15655.jpg,3
15656.jpg,7
15657.jpg,2
15658.jpg,4
15659.jpg,4
15660.jpg,9
15661.jpg,4
15662.jpg,2
15663.jpg,8
15664.jpg,6
15665.jpg,2
15666.jpg,6
15667.jpg,1
15668.jpg,7
15669.jpg,0
15670.jpg,4
15671.jpg,3
15672.jpg,8
15673.jpg,5
15674.jpg,8
15675.jpg,7
15676.jpg,4
15677.jpg,5
15678.jpg,1
15679.jpg,0
15680.jpg,2
15681.jpg,2
15682.jpg,2
15683.jpg,6
15684.jpg,7
15685.jpg,1
15686.jpg,6
15687.jpg,2
15688.jpg,8
15689.jpg,3
15690.jpg,7
15691.jpg,2
15692.jpg,5
15693.jpg,7
15694.jpg,3
15695.jpg,7
15696.jpg,7
15697.jpg,1
15698.jpg,7
15699.jpg,4
15700.jpg,3
15701.jpg,3
15702.jpg,4
15703.jpg,0
15704.jpg,4
15705.jpg,2
15706.jpg,7
15707.jpg,0
15708.jpg,2
15709.jpg,3
15710.jpg,6
15711.jpg,6
15712.jpg,2
15713.jpg,5
15714.jpg,2
15715.jpg,6
15716.jpg,0
15717.jpg,3
15718.jpg,1
15719.jpg,2
15720.jpg,9
15721.jpg,0
15722.jpg,0
15723.jpg,1
15724.jpg,5
15725.jpg,5
15726.jpg,1
15727.jpg,6
15728.jpg,7
15729.jpg,1
15730.jpg,4
15731.jpg,6
15732.jpg,3
15733.jpg,3
15734.jpg,6
15735.jpg,0
15736.jpg,9
15737.jpg,9
15738.jpg,2
15739.jpg,2
15740.jpg,6
15741.jpg,9
15742.jpg,4
15743.jpg,6
15744.jpg,2
15745.jpg,5
15746.jpg,7
15747.jpg,8
15748.jpg,8
15749.jpg,3
15750.jpg,6
15751.jpg,4
15752.jpg,6
15753.jpg,2
15754.jpg,3
15755.jpg,4
15756.jpg,4
15757.jpg,4
15758.jpg,8
15759.jpg,9
15760.jpg,2
15761.jpg,6
15762.jpg,0
15763.jpg,9
15764.jpg,7
15765.jpg,9
15766.jpg,8
15767.jpg,7
15768.jpg,7
15769.jpg,3
15770.jpg,8
15771.jpg,2
15772.jpg,9
15773.jpg,3
15774.jpg,3
15775.jpg,7
15776.jpg,5
15777.jpg,8
15778.jpg,7
15779.jpg,3
15780.jpg,7
15781.jpg,0
15782.jpg,7
15783.jpg,9
15784.jpg,6
15785.jpg,2
15786.jpg,4
15787.jpg,0
15788.jpg,0
15789.jpg,2
15790.jpg,9
15791.jpg,8
15792.jpg,6
15793.jpg,8
15794.jpg,7
15795.jpg,4
15796.jpg,5
15797.jpg,5
15798.jpg,0
15799.jpg,1
15800.jpg,2
15801.jpg,9
15802.jpg,6
15803.jpg,1
15804.jpg,0
15805.jpg,1
15806.jpg,0
15807.jpg,6
15808.jpg,5
15809.jpg,5
15810.jpg,5
15811.jpg,7
15812.jpg,3
15813.jpg,4
15814.jpg,8
15815.jpg,7
15816.jpg,5
15817.jpg,3
15818.jpg,7
15819.jpg,0
15820.jpg,5
15821.jpg,8
15822.jpg,3
15823.jpg,5
15824.jpg,7
15825.jpg,2
15826.jpg,7
15827.jpg,2
15828.jpg,5
15829.jpg,4
15830.jpg,3
15831.jpg,6
15832.jpg,9
15833.jpg,3
15834.jpg,5
15835.jpg,4
15836.jpg,8
15837.jpg,1
15838.jpg,4
15839.jpg,2
15840.jpg,2
15841.jpg,6
15842.jpg,7
15843.jpg,6
15844.jpg,0
15845.jpg,5
15846.jpg,5
15847.jpg,8
15848.jpg,4
15849.jpg,5
15850.jpg,6
15851.jpg,1
15852.jpg,2
15853.jpg,5
15854.jpg,0
15855.jpg,7
15856.jpg,3
15857.jpg,0
15858.jpg,7
15859.jpg,2
15860.jpg,0
15861.jpg,1
15862.jpg,5
15863.jpg,4
15864.jpg,9
15865.jpg,6
15866.jpg,4
15867.jpg,5
15868.jpg,9
15869.jpg,7
15870.jpg,4
15871.jpg,3
15872.jpg,7
15873.jpg,5
15874.jpg,3
15875.jpg,1
15876.jpg,6
15877.jpg,9
15878.jpg,3
15879.jpg,8
15880.jpg,0
15881.jpg,5
15882.jpg,9
15883.jpg,6
15884.jpg,7
15885.jpg,4
15886.jpg,5
15887.jpg,1
15888.jpg,4
15889.jpg,6
15890.jpg,3
15891.jpg,0
15892.jpg,8
15893.jpg,9
15894.jpg,7
15895.jpg,6
15896.jpg,9
15897.jpg,4
15898.jpg,8
15899.jpg,1
15900.jpg,2
15901.jpg,5
15902.jpg,9
15903.jpg,3
15904.jpg,7
15905.jpg,9
15906.jpg,4
15907.jpg,5
15908.jpg,3
15909.jpg,2
15910.jpg,3
15911.jpg,6
15912.jpg,4
15913.jpg,7
15914.jpg,1
15915.jpg,3
15916.jpg,9
15917.jpg,4
15918.jpg,1
15919.jpg,4
15920.jpg,8
15921.jpg,7
15922.jpg,7
15923.jpg,1
15924.jpg,4
15925.jpg,3
15926.jpg,4
15927.jpg,2
15928.jpg,7
15929.jpg,7
15930.jpg,2
15931.jpg,4
15932.jpg,4
15933.jpg,4
15934.jpg,3
15935.jpg,6
15936.jpg,6
15937.jpg,1
15938.jpg,9
15939.jpg,9
15940.jpg,6
15941.jpg,9
15942.jpg,4
15943.jpg,3
15944.jpg,2
15945.jpg,9
15946.jpg,8
15947.jpg,5
15948.jpg,0
15949.jpg,6
15950.jpg,9
15951.jpg,0
15952.jpg,9
15953.jpg,7
15954.jpg,8
15955.jpg,5
15956.jpg,4
15957.jpg,4
15958.jpg,9
15959.jpg,8
15960.jpg,6
15961.jpg,6
15962.jpg,6
15963.jpg,9
15964.jpg,9
15965.jpg,7
15966.jpg,9
15967.jpg,9
15968.jpg,0
15969.jpg,5
15970.jpg,1
15971.jpg,1
15972.jpg,0
15973.jpg,6
15974.jpg,9
15975.jpg,9
15976.jpg,5
15977.jpg,6
15978.jpg,5
15979.jpg,1
15980.jpg,9
15981.jpg,7
15982.jpg,9
15983.jpg,4
15984.jpg,5
15985.jpg,4
15986.jpg,3
15987.jpg,3
15988.jpg,9
15989.jpg,8
15990.jpg,8
15991.jpg,3
15992.jpg,7
15993.jpg,8
15994.jpg,2
15995.jpg,0
15996.jpg,4
15997.jpg,0
15998.jpg,7
15999.jpg,0
16000.jpg,8
16001.jpg,9
16002.jpg,2
16003.jpg,0
16004.jpg,7
16005.jpg,0
16006.jpg,0
16007.jpg,6
16008.jpg,2
16009.jpg,3
16010.jpg,1
16011.jpg,4
16012.jpg,4
16013.jpg,6
16014.jpg,4
16015.jpg,8
16016.jpg,5
16017.jpg,9
16018.jpg,5
16019.jpg,6
16020.jpg,6
16021.jpg,3
16022.jpg,0
16023.jpg,5
16024.jpg,2
16025.jpg,6
16026.jpg,3
16027.jpg,3
16028.jpg,0
16029.jpg,0
16030.jpg,8
16031.jpg,5
16032.jpg,4
16033.jpg,2
16034.jpg,9
16035.jpg,5
16036.jpg,0
16037.jpg,3
16038.jpg,4
16039.jpg,8
16040.jpg,2
16041.jpg,9
16042.jpg,6
16043.jpg,5
16044.jpg,4
16045.jpg,8
16046.jpg,2
16047.jpg,0
16048.jpg,1
16049.jpg,8
16050.jpg,4
16051.jpg,5
16052.jpg,8
16053.jpg,4
16054.jpg,8
16055.jpg,0
16056.jpg,4
16057.jpg,0
16058.jpg,1
16059.jpg,9
16060.jpg,3
16061.jpg,0
16062.jpg,4
16063.jpg,4
16064.jpg,5
16065.jpg,2
16066.jpg,2
16067.jpg,8
16068.jpg,3
16069.jpg,0
16070.jpg,8
16071.jpg,7
16072.jpg,5
16073.jpg,2
16074.jpg,4
16075.jpg,3
16076.jpg,5
16077.jpg,0
16078.jpg,2
16079.jpg,3
16080.jpg,1
16081.jpg,0
16082.jpg,1
16083.jpg,5
16084.jpg,1
16085.jpg,2
16086.jpg,1
16087.jpg,4
16088.jpg,6
16089.jpg,7
16090.jpg,1
16091.jpg,0
16092.jpg,5
16093.jpg,2
16094.jpg,5
16095.jpg,9
16096.jpg,2
16097.jpg,5
16098.jpg,6
16099.jpg,7
16100.jpg,1
16101.jpg,9
16102.jpg,3
16103.jpg,6
16104.jpg,1
16105.jpg,0
16106.jpg,2
16107.jpg,9
16108.jpg,4
16109.jpg,2
16110.jpg,9
16111.jpg,2
16112.jpg,8
16113.jpg,2
16114.jpg,9
16115.jpg,8
16116.jpg,4
16117.jpg,1
16118.jpg,0
16119.jpg,1
16120.jpg,5
16121.jpg,2
16122.jpg,5
16123.jpg,6
16124.jpg,8
16125.jpg,0
16126.jpg,3
16127.jpg,4
16128.jpg,0
16129.jpg,4
16130.jpg,1
16131.jpg,3
16132.jpg,7
16133.jpg,0
16134.jpg,9
16135.jpg,3
16136.jpg,9
16137.jpg,2
16138.jpg,3
16139.jpg,9
16140.jpg,9
16141.jpg,8
16142.jpg,3
16143.jpg,9
16144.jpg,7
16145.jpg,3
16146.jpg,9
16147.jpg,9
16148.jpg,4
16149.jpg,7
16150.jpg,1
16151.jpg,3
16152.jpg,6
16153.jpg,4
16154.jpg,4
16155.jpg,8
16156.jpg,9
16157.jpg,0
16158.jpg,7
16159.jpg,1
16160.jpg,2
16161.jpg,4
16162.jpg,0
16163.jpg,3
16164.jpg,7
16165.jpg,5
16166.jpg,1
16167.jpg,9
16168.jpg,3
16169.jpg,3
16170.jpg,2
16171.jpg,4
16172.jpg,1
16173.jpg,1
16174.jpg,5
16175.jpg,3
16176.jpg,9
16177.jpg,2
16178.jpg,3
16179.jpg,8
16180.jpg,0
16181.jpg,8
16182.jpg,1
16183.jpg,5
16184.jpg,1
16185.jpg,5
16186.jpg,9
16187.jpg,0
16188.jpg,9
16189.jpg,2
16190.jpg,4
16191.jpg,0
16192.jpg,6
16193.jpg,9
16194.jpg,1
16195.jpg,1
16196.jpg,3
16197.jpg,4
16198.jpg,9
16199.jpg,5
16200.jpg,3
16201.jpg,3
16202.jpg,3
16203.jpg,3
16204.jpg,4
16205.jpg,1
16206.jpg,3
16207.jpg,9
16208.jpg,8
16209.jpg,7
16210.jpg,6
16211.jpg,8
16212.jpg,7
16213.jpg,6
16214.jpg,5
16215.jpg,2
16216.jpg,5
16217.jpg,8
16218.jpg,9
16219.jpg,7
16220.jpg,2
16221.jpg,0
16222.jpg,0
16223.jpg,7
16224.jpg,5
16225.jpg,3
16226.jpg,5
16227.jpg,7
16228.jpg,7
16229.jpg,6
16230.jpg,2
16231.jpg,1
16232.jpg,2
16233.jpg,7
16234.jpg,6
16235.jpg,6
16236.jpg,1
16237.jpg,5
16238.jpg,8
16239.jpg,6
16240.jpg,0
16241.jpg,0
16242.jpg,0
16243.jpg,5
16244.jpg,8
16245.jpg,6
16246.jpg,4
16247.jpg,0
16248.jpg,2
16249.jpg,5
16250.jpg,4
16251.jpg,9
16252.jpg,2
16253.jpg,4
16254.jpg,4
16255.jpg,6
16256.jpg,9
16257.jpg,3
16258.jpg,0
16259.jpg,5
16260.jpg,2
16261.jpg,0
16262.jpg,8
16263.jpg,2
16264.jpg,2
16265.jpg,4
16266.jpg,7
16267.jpg,9
16268.jpg,5
16269.jpg,7
16270.jpg,2
16271.jpg,4
16272.jpg,5
16273.jpg,1
16274.jpg,9
16275.jpg,9
16276.jpg,7
16277.jpg,2
16278.jpg,5
16279.jpg,1
16280.jpg,8
16281.jpg,1
16282.jpg,6
16283.jpg,3
16284.jpg,7
16285.jpg,8
16286.jpg,8
16287.jpg,5
16288.jpg,6
16289.jpg,9
16290.jpg,9
16291.jpg,9
16292.jpg,6
16293.jpg,3
16294.jpg,0
16295.jpg,8
16296.jpg,8
16297.jpg,5
16298.jpg,3
16299.jpg,4
16300.jpg,1
16301.jpg,1
16302.jpg,0
16303.jpg,7
16304.jpg,0
16305.jpg,6
16306.jpg,0
16307.jpg,4
16308.jpg,4
16309.jpg,6
16310.jpg,5
16311.jpg,3
16312.jpg,2
16313.jpg,9
16314.jpg,2
16315.jpg,6
16316.jpg,7
16317.jpg,9
16318.jpg,7
16319.jpg,7
16320.jpg,0
16321.jpg,8
16322.jpg,7
16323.jpg,2
16324.jpg,7
16325.jpg,7
16326.jpg,7
16327.jpg,4
16328.jpg,0
16329.jpg,1
16330.jpg,6
16331.jpg,0
16332.jpg,3
16333.jpg,3
16334.jpg,0
16335.jpg,2
16336.jpg,4
16337.jpg,9
16338.jpg,7
16339.jpg,3
16340.jpg,3
16341.jpg,2
16342.jpg,8
16343.jpg,8
16344.jpg,3
16345.jpg,5
16346.jpg,8
16347.jpg,0
16348.jpg,8
16349.jpg,2
16350.jpg,0
16351.jpg,0
16352.jpg,2
16353.jpg,2
16354.jpg,7
16355.jpg,0
16356.jpg,7
16357.jpg,4
16358.jpg,7
16359.jpg,2
16360.jpg,2
16361.jpg,0
16362.jpg,4
16363.jpg,0
16364.jpg,3
16365.jpg,7
16366.jpg,8
16367.jpg,4
16368.jpg,7
16369.jpg,9
16370.jpg,3
16371.jpg,1
16372.jpg,1
16373.jpg,6
16374.jpg,9
16375.jpg,3
16376.jpg,8
16377.jpg,9
16378.jpg,5
16379.jpg,8
16380.jpg,2
16381.jpg,1
16382.jpg,5
16383.jpg,5
16384.jpg,7
16385.jpg,5
16386.jpg,5
16387.jpg,4
16388.jpg,7
16389.jpg,2
16390.jpg,7
16391.jpg,9
16392.jpg,6
16393.jpg,3
16394.jpg,8
16395.jpg,8
16396.jpg,4
16397.jpg,5
16398.jpg,6
16399.jpg,1
16400.jpg,0
16401.jpg,4
16402.jpg,8
16403.jpg,4
16404.jpg,7
16405.jpg,1
16406.jpg,3
16407.jpg,2
16408.jpg,0
16409.jpg,9
16410.jpg,1
16411.jpg,8
16412.jpg,9
16413.jpg,6
16414.jpg,8
16415.jpg,1
16416.jpg,7
16417.jpg,1
16418.jpg,0
16419.jpg,1
16420.jpg,7
16421.jpg,6
16422.jpg,4
16423.jpg,5
16424.jpg,8
16425.jpg,2
16426.jpg,1
16427.jpg,2
16428.jpg,3
16429.jpg,8
16430.jpg,1
16431.jpg,1
16432.jpg,8
16433.jpg,8
16434.jpg,8
16435.jpg,9
16436.jpg,0
16437.jpg,0
16438.jpg,4
16439.jpg,4
16440.jpg,3
16441.jpg,5
16442.jpg,6
16443.jpg,6
16444.jpg,3
16445.jpg,1
16446.jpg,2
16447.jpg,4
16448.jpg,7
16449.jpg,8
16450.jpg,0
16451.jpg,1
16452.jpg,4
16453.jpg,8
16454.jpg,4
16455.jpg,6
16456.jpg,2
16457.jpg,2
16458.jpg,2
16459.jpg,6
16460.jpg,3
16461.jpg,4
16462.jpg,0
16463.jpg,8
16464.jpg,1
16465.jpg,3
16466.jpg,1
16467.jpg,6
16468.jpg,8
16469.jpg,1
16470.jpg,1
16471.jpg,6
16472.jpg,1
16473.jpg,9
16474.jpg,8
16475.jpg,2
16476.jpg,0
16477.jpg,4
16478.jpg,7
16479.jpg,4
16480.jpg,0
16481.jpg,2
16482.jpg,7
16483.jpg,6
16484.jpg,8
16485.jpg,9
16486.jpg,8
16487.jpg,6
16488.jpg,6
16489.jpg,8
16490.jpg,0
16491.jpg,2
16492.jpg,1
16493.jpg,1
16494.jpg,0
16495.jpg,7
16496.jpg,7
16497.jpg,2
16498.jpg,4
16499.jpg,7
16500.jpg,6
16501.jpg,2
16502.jpg,6
16503.jpg,6
16504.jpg,7
16505.jpg,4
16506.jpg,5
16507.jpg,5
16508.jpg,0
16509.jpg,9
16510.jpg,4
16511.jpg,7
16512.jpg,2
16513.jpg,5
16514.jpg,2
16515.jpg,2
16516.jpg,2
16517.jpg,7
16518.jpg,6
16519.jpg,2
16520.jpg,6
16521.jpg,4
16522.jpg,1
16523.jpg,6
16524.jpg,8
16525.jpg,5
16526.jpg,8
16527.jpg,5
16528.jpg,5
16529.jpg,0
16530.jpg,3
16531.jpg,4
16532.jpg,3
16533.jpg,2
16534.jpg,7
16535.jpg,2
16536.jpg,1
16537.jpg,5
16538.jpg,3
16539.jpg,7
16540.jpg,8
16541.jpg,8
16542.jpg,9
16543.jpg,3
16544.jpg,0
16545.jpg,8
16546.jpg,2
16547.jpg,6
16548.jpg,9
16549.jpg,0
16550.jpg,1
16551.jpg,4
16552.jpg,1
16553.jpg,3
16554.jpg,5
16555.jpg,1
16556.jpg,8
16557.jpg,9
16558.jpg,6
16559.jpg,4
16560.jpg,6
16561.jpg,9
16562.jpg,5
16563.jpg,6
16564.jpg,5
16565.jpg,9
16566.jpg,1
16567.jpg,4
16568.jpg,3
16569.jpg,8
16570.jpg,9
16571.jpg,5
16572.jpg,4
16573.jpg,7
16574.jpg,8
16575.jpg,3
16576.jpg,7
16577.jpg,1
16578.jpg,6
16579.jpg,9
16580.jpg,2
16581.jpg,1
16582.jpg,4
16583.jpg,0
16584.jpg,5
16585.jpg,1
16586.jpg,6
16587.jpg,3
16588.jpg,0
16589.jpg,2
16590.jpg,5
16591.jpg,3
16592.jpg,5
16593.jpg,2
16594.jpg,8
16595.jpg,2
16596.jpg,3
16597.jpg,1
16598.jpg,9
16599.jpg,2
16600.jpg,7
16601.jpg,0
16602.jpg,8
16603.jpg,1
16604.jpg,2
16605.jpg,6
16606.jpg,4
16607.jpg,9
16608.jpg,5
16609.jpg,5
16610.jpg,8
16611.jpg,8
16612.jpg,5
16613.jpg,8
16614.jpg,5
16615.jpg,7
16616.jpg,4
16617.jpg,4
16618.jpg,0
16619.jpg,9
16620.jpg,7
16621.jpg,0
16622.jpg,4
16623.jpg,0
16624.jpg,4
16625.jpg,4
16626.jpg,2
16627.jpg,3
16628.jpg,4
16629.jpg,0
16630.jpg,7
16631.jpg,0
16632.jpg,7
16633.jpg,0
16634.jpg,4
16635.jpg,6
16636.jpg,0
16637.jpg,9
16638.jpg,1
16639.jpg,1
16640.jpg,3
16641.jpg,0
16642.jpg,9
16643.jpg,1
16644.jpg,0
16645.jpg,6
16646.jpg,4
16647.jpg,3
16648.jpg,0
16649.jpg,9
16650.jpg,0
16651.jpg,6
16652.jpg,2
16653.jpg,2
16654.jpg,4
16655.jpg,1
16656.jpg,6
16657.jpg,7
16658.jpg,6
16659.jpg,1
16660.jpg,0
16661.jpg,4
16662.jpg,6
16663.jpg,0
16664.jpg,4
16665.jpg,4
16666.jpg,2
16667.jpg,7
16668.jpg,6
16669.jpg,4
16670.jpg,3
16671.jpg,7
16672.jpg,9
16673.jpg,4
16674.jpg,5
16675.jpg,2
16676.jpg,0
16677.jpg,5
16678.jpg,2
16679.jpg,4
16680.jpg,3
16681.jpg,9
16682.jpg,4
16683.jpg,5
16684.jpg,8
16685.jpg,1
16686.jpg,9
16687.jpg,3
16688.jpg,2
16689.jpg,8
16690.jpg,3
16691.jpg,8
16692.jpg,6
16693.jpg,6
16694.jpg,3
16695.jpg,4
16696.jpg,0
16697.jpg,6
16698.jpg,3
16699.jpg,2
16700.jpg,6
16701.jpg,1
16702.jpg,8
16703.jpg,6
16704.jpg,1
16705.jpg,4
16706.jpg,3
16707.jpg,3
16708.jpg,2
16709.jpg,3
16710.jpg,3
16711.jpg,5
16712.jpg,0
16713.jpg,2
16714.jpg,1
16715.jpg,2
16716.jpg,8
16717.jpg,0
16718.jpg,8
16719.jpg,2
16720.jpg,2
16721.jpg,7
16722.jpg,3
16723.jpg,7
16724.jpg,9
16725.jpg,8
16726.jpg,3
16727.jpg,6
16728.jpg,1
16729.jpg,0
16730.jpg,8
16731.jpg,6
16732.jpg,7
16733.jpg,5
16734.jpg,8
16735.jpg,9
16736.jpg,4
16737.jpg,0
16738.jpg,0
16739.jpg,0
16740.jpg,2
16741.jpg,9
16742.jpg,1
16743.jpg,8
16744.jpg,3
16745.jpg,7
16746.jpg,3
16747.jpg,8
16748.jpg,0
16749.jpg,9
16750.jpg,4
16751.jpg,8
16752.jpg,9
16753.jpg,6
16754.jpg,8
16755.jpg,9
16756.jpg,3
16757.jpg,4
16758.jpg,8
16759.jpg,9
16760.jpg,5
16761.jpg,5
16762.jpg,7
16763.jpg,2
16764.jpg,9
16765.jpg,8
16766.jpg,8
16767.jpg,1
16768.jpg,2
16769.jpg,3
16770.jpg,1
16771.jpg,5
16772.jpg,0
16773.jpg,2
16774.jpg,1
16775.jpg,0
16776.jpg,8
16777.jpg,2
16778.jpg,2
16779.jpg,9
16780.jpg,7
16781.jpg,3
16782.jpg,5
16783.jpg,0
16784.jpg,9
16785.jpg,6
16786.jpg,2
16787.jpg,5
16788.jpg,1
16789.jpg,1
16790.jpg,7
16791.jpg,7
16792.jpg,8
16793.jpg,3
16794.jpg,8
16795.jpg,9
16796.jpg,6
16797.jpg,0
16798.jpg,8
16799.jpg,0
16800.jpg,6
16801.jpg,6
16802.jpg,4
16803.jpg,6
16804.jpg,9
16805.jpg,1
16806.jpg,1
16807.jpg,7
16808.jpg,0
16809.jpg,6
16810.jpg,8
16811.jpg,9
16812.jpg,0
16813.jpg,6
16814.jpg,1
16815.jpg,0
16816.jpg,1
16817.jpg,1
16818.jpg,7
16819.jpg,2
16820.jpg,1
16821.jpg,0
16822.jpg,2
16823.jpg,5
16824.jpg,0
16825.jpg,3
16826.jpg,6
16827.jpg,3
16828.jpg,3
16829.jpg,8
16830.jpg,1
16831.jpg,8
16832.jpg,1
16833.jpg,6
16834.jpg,1
16835.jpg,5
16836.jpg,7
16837.jpg,5
16838.jpg,1
16839.jpg,1
16840.jpg,9
16841.jpg,1
16842.jpg,3
16843.jpg,1
16844.jpg,7
16845.jpg,2
16846.jpg,9
16847.jpg,8
16848.jpg,9
16849.jpg,2
16850.jpg,6
16851.jpg,4
16852.jpg,9
16853.jpg,5
16854.jpg,0
16855.jpg,4
16856.jpg,6
16857.jpg,2
16858.jpg,1
16859.jpg,1
16860.jpg,0
16861.jpg,1
16862.jpg,5
16863.jpg,6
16864.jpg,0
16865.jpg,3
16866.jpg,4
16867.jpg,6
16868.jpg,9
16869.jpg,6
16870.jpg,5
16871.jpg,9
16872.jpg,0
16873.jpg,5
16874.jpg,6
16875.jpg,5
16876.jpg,3
16877.jpg,0
16878.jpg,5
16879.jpg,1
16880.jpg,2
16881.jpg,2
16882.jpg,9
16883.jpg,7
16884.jpg,0
16885.jpg,0
16886.jpg,1
16887.jpg,9
16888.jpg,4
16889.jpg,5
16890.jpg,5
16891.jpg,9
16892.jpg,6
16893.jpg,3
16894.jpg,6
16895.jpg,2
16896.jpg,6
16897.jpg,8
16898.jpg,5
16899.jpg,3
16900.jpg,3
16901.jpg,9
16902.jpg,4
16903.jpg,9
16904.jpg,5
16905.jpg,2
16906.jpg,1
16907.jpg,6
16908.jpg,6
16909.jpg,4
16910.jpg,7
16911.jpg,6
16912.jpg,6
16913.jpg,3
16914.jpg,8
16915.jpg,1
16916.jpg,4
16917.jpg,6
16918.jpg,4
16919.jpg,4
16920.jpg,5
16921.jpg,6
16922.jpg,6
16923.jpg,0
16924.jpg,7
16925.jpg,2
16926.jpg,3
16927.jpg,5
16928.jpg,2
16929.jpg,5
16930.jpg,2
16931.jpg,5
16932.jpg,9
16933.jpg,0
16934.jpg,6
16935.jpg,7
16936.jpg,9
16937.jpg,8
16938.jpg,3
16939.jpg,2
16940.jpg,1
16941.jpg,4
16942.jpg,3
16943.jpg,4
16944.jpg,3
16945.jpg,5
16946.jpg,6
16947.jpg,8
16948.jpg,6
16949.jpg,0
16950.jpg,8
16951.jpg,9
16952.jpg,8
16953.jpg,0
16954.jpg,4
16955.jpg,7
16956.jpg,6
16957.jpg,6
16958.jpg,0
16959.jpg,7
16960.jpg,9
16961.jpg,8
16962.jpg,5
16963.jpg,9
16964.jpg,5
16965.jpg,3
16966.jpg,0
16967.jpg,4
16968.jpg,0
16969.jpg,2
16970.jpg,0
16971.jpg,9
16972.jpg,1
16973.jpg,3
16974.jpg,9
16975.jpg,1
16976.jpg,0
16977.jpg,7
16978.jpg,4
16979.jpg,4
16980.jpg,0
16981.jpg,2
16982.jpg,1
16983.jpg,9
16984.jpg,1
16985.jpg,8
16986.jpg,4
16987.jpg,8
16988.jpg,2
16989.jpg,7
16990.jpg,3
16991.jpg,1
16992.jpg,4
16993.jpg,3
16994.jpg,4
16995.jpg,1
16996.jpg,0
16997.jpg,3
16998.jpg,8
16999.jpg,8
17000.jpg,8
17001.jpg,1
17002.jpg,4
17003.jpg,7
17004.jpg,4
17005.jpg,8
17006.jpg,6
17007.jpg,9
17008.jpg,1
17009.jpg,6
17010.jpg,0
17011.jpg,7
17012.jpg,7
17013.jpg,1
17014.jpg,3
17015.jpg,0
17016.jpg,3
17017.jpg,1
17018.jpg,0
17019.jpg,2
17020.jpg,7
17021.jpg,9
17022.jpg,2
17023.jpg,2
17024.jpg,9
17025.jpg,6
17026.jpg,4
17027.jpg,5
17028.jpg,9
17029.jpg,4
17030.jpg,8
17031.jpg,0
17032.jpg,4
17033.jpg,8
17034.jpg,0
17035.jpg,9
17036.jpg,2
17037.jpg,7
17038.jpg,0
17039.jpg,4
17040.jpg,1
17041.jpg,4
17042.jpg,8
17043.jpg,6
17044.jpg,2
17045.jpg,3
17046.jpg,9
17047.jpg,8
17048.jpg,2
17049.jpg,2
17050.jpg,8
17051.jpg,3
17052.jpg,1
17053.jpg,1
17054.jpg,2
17055.jpg,2
17056.jpg,3
17057.jpg,6
17058.jpg,9
17059.jpg,6
17060.jpg,8
17061.jpg,7
17062.jpg,6
17063.jpg,1
17064.jpg,5
17065.jpg,3
17066.jpg,6
17067.jpg,9
17068.jpg,0
17069.jpg,0
17070.jpg,7
17071.jpg,1
17072.jpg,8
17073.jpg,9
17074.jpg,3
17075.jpg,9
17076.jpg,9
17077.jpg,0
17078.jpg,7
17079.jpg,7
17080.jpg,7
17081.jpg,4
17082.jpg,2
17083.jpg,6
17084.jpg,9
17085.jpg,5
17086.jpg,7
17087.jpg,7
17088.jpg,8
17089.jpg,7
17090.jpg,2
17091.jpg,6
17092.jpg,2
17093.jpg,4
17094.jpg,4
17095.jpg,4
17096.jpg,0
17097.jpg,3
17098.jpg,1
17099.jpg,5
17100.jpg,3
17101.jpg,6
17102.jpg,0
17103.jpg,0
17104.jpg,2
17105.jpg,2
17106.jpg,8
17107.jpg,5
17108.jpg,2
17109.jpg,4
17110.jpg,3
17111.jpg,5
17112.jpg,0
17113.jpg,9
17114.jpg,1
17115.jpg,0
17116.jpg,0
17117.jpg,5
17118.jpg,5
17119.jpg,2
17120.jpg,7
17121.jpg,9
17122.jpg,9
17123.jpg,6
17124.jpg,5
17125.jpg,5
17126.jpg,0
17127.jpg,5
17128.jpg,7
17129.jpg,1
17130.jpg,6
17131.jpg,6
17132.jpg,4
17133.jpg,1
17134.jpg,2
17135.jpg,4
17136.jpg,1
17137.jpg,5
17138.jpg,2
17139.jpg,0
17140.jpg,2
17141.jpg,5
17142.jpg,8
17143.jpg,2
17144.jpg,8
17145.jpg,5
17146.jpg,9
17147.jpg,2
17148.jpg,0
17149.jpg,5
17150.jpg,6
17151.jpg,1
17152.jpg,0
17153.jpg,7
17154.jpg,0
17155.jpg,9
17156.jpg,1
17157.jpg,5
17158.jpg,7
17159.jpg,6
17160.jpg,5
17161.jpg,5
17162.jpg,5
17163.jpg,6
17164.jpg,0
17165.jpg,0
17166.jpg,1
17167.jpg,7
17168.jpg,3
17169.jpg,1
17170.jpg,9
17171.jpg,2
17172.jpg,4
17173.jpg,1
17174.jpg,6
17175.jpg,7
17176.jpg,8
17177.jpg,7
17178.jpg,0
17179.jpg,9
17180.jpg,6
17181.jpg,6
17182.jpg,8
17183.jpg,5
17184.jpg,5
17185.jpg,8
17186.jpg,2
17187.jpg,7
17188.jpg,4
17189.jpg,0
17190.jpg,2
17191.jpg,7
17192.jpg,7
17193.jpg,8
17194.jpg,8
17195.jpg,7
17196.jpg,0
17197.jpg,4
17198.jpg,9
17199.jpg,1
17200.jpg,4
17201.jpg,4
17202.jpg,3
17203.jpg,2
17204.jpg,4
17205.jpg,6
17206.jpg,2
17207.jpg,3
17208.jpg,1
17209.jpg,0
17210.jpg,3
17211.jpg,3
17212.jpg,3
17213.jpg,2
17214.jpg,5
17215.jpg,1
17216.jpg,2
17217.jpg,1
17218.jpg,9
17219.jpg,7
17220.jpg,9
17221.jpg,3
17222.jpg,8
17223.jpg,7
17224.jpg,1
17225.jpg,1
17226.jpg,7
17227.jpg,7
17228.jpg,3
17229.jpg,3
17230.jpg,2
17231.jpg,8
17232.jpg,9
17233.jpg,5
17234.jpg,9
17235.jpg,2
17236.jpg,1
17237.jpg,7
17238.jpg,4
17239.jpg,4
17240.jpg,0
17241.jpg,3
17242.jpg,7
17243.jpg,1
17244.jpg,5
17245.jpg,4
17246.jpg,0
17247.jpg,8
17248.jpg,4
17249.jpg,9
17250.jpg,8
17251.jpg,7
17252.jpg,8
17253.jpg,4
17254.jpg,2
17255.jpg,3
17256.jpg,4
17257.jpg,0
17258.jpg,5
17259.jpg,4
17260.jpg,1
17261.jpg,0
17262.jpg,5
17263.jpg,5
17264.jpg,4
17265.jpg,5
17266.jpg,2
17267.jpg,5
17268.jpg,3
17269.jpg,7
17270.jpg,9
17271.jpg,7
17272.jpg,1
17273.jpg,4
17274.jpg,9
17275.jpg,3
17276.jpg,1
17277.jpg,4
17278.jpg,5
17279.jpg,5
17280.jpg,1
17281.jpg,7
17282.jpg,1
17283.jpg,7
17284.jpg,0
17285.jpg,1
17286.jpg,0
17287.jpg,7
17288.jpg,7
17289.jpg,0
17290.jpg,6
17291.jpg,3
17292.jpg,5
17293.jpg,7
17294.jpg,5
17295.jpg,5
17296.jpg,8
17297.jpg,9
17298.jpg,4
17299.jpg,6
17300.jpg,3
17301.jpg,6
17302.jpg,6
17303.jpg,8
17304.jpg,2
17305.jpg,6
17306.jpg,9
17307.jpg,8
17308.jpg,4
17309.jpg,1
17310.jpg,3
17311.jpg,1
17312.jpg,2
17313.jpg,3
17314.jpg,9
17315.jpg,0
17316.jpg,8
17317.jpg,6
17318.jpg,0
17319.jpg,2
17320.jpg,8
17321.jpg,2
17322.jpg,4
17323.jpg,3
17324.jpg,1
17325.jpg,4
17326.jpg,4
17327.jpg,4
17328.jpg,4
17329.jpg,1
17330.jpg,5
17331.jpg,5
17332.jpg,7
17333.jpg,6
17334.jpg,3
17335.jpg,4
17336.jpg,5
17337.jpg,6
17338.jpg,5
17339.jpg,6
17340.jpg,2
17341.jpg,4
17342.jpg,7
17343.jpg,7
17344.jpg,7
17345.jpg,6
17346.jpg,5
17347.jpg,0
17348.jpg,2
17349.jpg,3
17350.jpg,9
17351.jpg,2
17352.jpg,3
17353.jpg,8
17354.jpg,0
17355.jpg,7
17356.jpg,0
17357.jpg,1
17358.jpg,8
17359.jpg,1
17360.jpg,2
17361.jpg,8
17362.jpg,9
17363.jpg,1
17364.jpg,5
17365.jpg,4
17366.jpg,2
17367.jpg,3
17368.jpg,5
17369.jpg,5
17370.jpg,5
17371.jpg,6
17372.jpg,5
17373.jpg,0
17374.jpg,3
17375.jpg,2
17376.jpg,1
17377.jpg,3
17378.jpg,5
17379.jpg,7
17380.jpg,7
17381.jpg,4
17382.jpg,0
17383.jpg,4
17384.jpg,5
17385.jpg,9
17386.jpg,5
17387.jpg,1
17388.jpg,7
17389.jpg,6
17390.jpg,3
17391.jpg,4
17392.jpg,8
17393.jpg,5
17394.jpg,1
17395.jpg,5
17396.jpg,8
17397.jpg,4
17398.jpg,3
17399.jpg,3
17400.jpg,3
17401.jpg,3
17402.jpg,8
17403.jpg,4
17404.jpg,8
17405.jpg,7
17406.jpg,2
17407.jpg,9
17408.jpg,5
17409.jpg,8
17410.jpg,4
17411.jpg,5
17412.jpg,9
17413.jpg,1
17414.jpg,0
17415.jpg,5
17416.jpg,9
17417.jpg,3
17418.jpg,8
17419.jpg,0
17420.jpg,2
17421.jpg,5
17422.jpg,3
17423.jpg,3
17424.jpg,9
17425.jpg,2
17426.jpg,7
17427.jpg,2
17428.jpg,0
17429.jpg,3
17430.jpg,2
17431.jpg,9
17432.jpg,7
17433.jpg,5
17434.jpg,0
17435.jpg,7
17436.jpg,0
17437.jpg,3
17438.jpg,5
17439.jpg,3
17440.jpg,3
17441.jpg,8
17442.jpg,7
17443.jpg,5
17444.jpg,9
17445.jpg,6
17446.jpg,9
17447.jpg,8
17448.jpg,9
17449.jpg,4
17450.jpg,1
17451.jpg,1
17452.jpg,4
17453.jpg,9
17454.jpg,0
17455.jpg,9
17456.jpg,8
17457.jpg,2
17458.jpg,5
17459.jpg,8
17460.jpg,5
17461.jpg,9
17462.jpg,8
17463.jpg,2
17464.jpg,8
17465.jpg,0
17466.jpg,6
17467.jpg,6
17468.jpg,8
17469.jpg,6
17470.jpg,9
17471.jpg,6
17472.jpg,1
17473.jpg,1
17474.jpg,5
17475.jpg,3
17476.jpg,5
17477.jpg,0
17478.jpg,7
17479.jpg,6
17480.jpg,1
17481.jpg,4
17482.jpg,4
17483.jpg,1
17484.jpg,1
17485.jpg,8
17486.jpg,1
17487.jpg,1
17488.jpg,2
17489.jpg,3
17490.jpg,4
17491.jpg,9
17492.jpg,9
17493.jpg,3
17494.jpg,2
17495.jpg,7
17496.jpg,4
17497.jpg,3
17498.jpg,6
17499.jpg,9
17500.jpg,6
17501.jpg,9
17502.jpg,8
17503.jpg,8
17504.jpg,6
17505.jpg,7
17506.jpg,4
17507.jpg,4
17508.jpg,4
17509.jpg,5
17510.jpg,8
17511.jpg,0
17512.jpg,9
17513.jpg,9
17514.jpg,7
17515.jpg,8
17516.jpg,1
17517.jpg,2
17518.jpg,3
17519.jpg,2
17520.jpg,5
17521.jpg,2
17522.jpg,9
17523.jpg,0
17524.jpg,3
17525.jpg,8
17526.jpg,9
17527.jpg,3
17528.jpg,5
17529.jpg,5
17530.jpg,2
17531.jpg,4
17532.jpg,1
17533.jpg,0
17534.jpg,6
17535.jpg,1
17536.jpg,6
17537.jpg,7
17538.jpg,5
17539.jpg,6
17540.jpg,5
17541.jpg,0
17542.jpg,8
17543.jpg,9
17544.jpg,0
17545.jpg,2
17546.jpg,7
17547.jpg,9
17548.jpg,6
17549.jpg,5
17550.jpg,7
17551.jpg,6
17552.jpg,4
17553.jpg,9
17554.jpg,5
17555.jpg,1
17556.jpg,2
17557.jpg,5
17558.jpg,2
17559.jpg,1
17560.jpg,0
17561.jpg,2
17562.jpg,2
17563.jpg,9
17564.jpg,8
17565.jpg,1
17566.jpg,9
17567.jpg,7
17568.jpg,7
17569.jpg,3
17570.jpg,1
17571.jpg,6
17572.jpg,1
17573.jpg,1
17574.jpg,3
17575.jpg,8
17576.jpg,8
17577.jpg,1
17578.jpg,9
17579.jpg,5
17580.jpg,0
17581.jpg,9
17582.jpg,5
17583.jpg,1
17584.jpg,1
17585.jpg,6
17586.jpg,9
17587.jpg,7
17588.jpg,2
17589.jpg,6
17590.jpg,4
17591.jpg,6
17592.jpg,9
17593.jpg,6
17594.jpg,0
17595.jpg,1
17596.jpg,3
17597.jpg,9
17598.jpg,3
17599.jpg,8
17600.jpg,9
17601.jpg,8
17602.jpg,2
17603.jpg,9
17604.jpg,1
17605.jpg,6
17606.jpg,6
17607.jpg,0
17608.jpg,5
17609.jpg,0
17610.jpg,7
17611.jpg,2
17612.jpg,7
17613.jpg,9
17614.jpg,4
17615.jpg,5
17616.jpg,0
17617.jpg,0
17618.jpg,3
17619.jpg,5
17620.jpg,1
17621.jpg,8
17622.jpg,9
17623.jpg,1
17624.jpg,2
17625.jpg,7
17626.jpg,1
17627.jpg,3
17628.jpg,4
17629.jpg,6
17630.jpg,9
17631.jpg,1
17632.jpg,4
17633.jpg,7
17634.jpg,1
17635.jpg,9
17636.jpg,5
17637.jpg,8
17638.jpg,8
17639.jpg,9
17640.jpg,1
17641.jpg,7
17642.jpg,9
17643.jpg,8
17644.jpg,3
17645.jpg,0
17646.jpg,2
17647.jpg,6
17648.jpg,0
17649.jpg,2
17650.jpg,2
17651.jpg,4
17652.jpg,0
17653.jpg,8
17654.jpg,4
17655.jpg,8
17656.jpg,1
17657.jpg,7
17658.jpg,7
17659.jpg,2
17660.jpg,4
17661.jpg,9
17662.jpg,3
17663.jpg,2
17664.jpg,2
17665.jpg,9
17666.jpg,4
17667.jpg,6
17668.jpg,3
17669.jpg,7
17670.jpg,4
17671.jpg,5
17672.jpg,6
17673.jpg,9
17674.jpg,9
17675.jpg,8
17676.jpg,6
17677.jpg,6
17678.jpg,8
17679.jpg,6
17680.jpg,5
17681.jpg,0
17682.jpg,8
17683.jpg,0
17684.jpg,0
17685.jpg,9
17686.jpg,9
17687.jpg,6
17688.jpg,8
17689.jpg,0
17690.jpg,6
17691.jpg,6
17692.jpg,0
17693.jpg,7
17694.jpg,9
17695.jpg,8
17696.jpg,0
17697.jpg,7
17698.jpg,0
17699.jpg,9
17700.jpg,6
17701.jpg,0
17702.jpg,4
17703.jpg,7
17704.jpg,1
17705.jpg,3
17706.jpg,1
17707.jpg,8
17708.jpg,2
17709.jpg,3
17710.jpg,9
17711.jpg,4
17712.jpg,5
17713.jpg,5
17714.jpg,3
17715.jpg,1
17716.jpg,5
17717.jpg,3
17718.jpg,0
17719.jpg,2
17720.jpg,5
17721.jpg,2
17722.jpg,7
17723.jpg,6
17724.jpg,8
17725.jpg,4
17726.jpg,4
17727.jpg,6
17728.jpg,1
17729.jpg,9
17730.jpg,4
17731.jpg,1
17732.jpg,7
17733.jpg,0
17734.jpg,1
17735.jpg,4
17736.jpg,3
17737.jpg,0
17738.jpg,2
17739.jpg,9
17740.jpg,4
17741.jpg,5
17742.jpg,8
17743.jpg,3
17744.jpg,8
17745.jpg,7
17746.jpg,2
17747.jpg,3
17748.jpg,0
17749.jpg,1
17750.jpg,4
17751.jpg,1
17752.jpg,9
17753.jpg,9
17754.jpg,0
17755.jpg,7
17756.jpg,5
17757.jpg,6
17758.jpg,7
17759.jpg,1
17760.jpg,2
17761.jpg,3
17762.jpg,7
17763.jpg,3
17764.jpg,6
17765.jpg,8
17766.jpg,4
17767.jpg,9
17768.jpg,8
17769.jpg,7
17770.jpg,9
17771.jpg,2
17772.jpg,3
17773.jpg,4
17774.jpg,0
17775.jpg,2
17776.jpg,3
17777.jpg,6
17778.jpg,0
17779.jpg,3
17780.jpg,3
17781.jpg,5
17782.jpg,8
17783.jpg,5
17784.jpg,2
17785.jpg,6
17786.jpg,9
17787.jpg,5
17788.jpg,6
17789.jpg,3
17790.jpg,8
17791.jpg,6
17792.jpg,9
17793.jpg,8
17794.jpg,4
17795.jpg,0
17796.jpg,8
17797.jpg,6
17798.jpg,3
17799.jpg,9
17800.jpg,0
17801.jpg,4
17802.jpg,5
17803.jpg,0
17804.jpg,5
17805.jpg,9
17806.jpg,1
17807.jpg,3
17808.jpg,8
17809.jpg,0
17810.jpg,6
17811.jpg,2
17812.jpg,2
17813.jpg,3
17814.jpg,7
17815.jpg,1
17816.jpg,3
17817.jpg,6
17818.jpg,9
17819.jpg,1
17820.jpg,5
17821.jpg,0
17822.jpg,4
17823.jpg,7
17824.jpg,9
17825.jpg,3
17826.jpg,9
17827.jpg,5
17828.jpg,5
17829.jpg,0
17830.jpg,2
17831.jpg,4
17832.jpg,8
17833.jpg,8
17834.jpg,5
17835.jpg,0
17836.jpg,0
17837.jpg,7
17838.jpg,0
17839.jpg,3
17840.jpg,1
17841.jpg,3
17842.jpg,5
17843.jpg,0
17844.jpg,9
17845.jpg,2
17846.jpg,6
17847.jpg,7
17848.jpg,4
17849.jpg,2
17850.jpg,0
17851.jpg,0
17852.jpg,7
17853.jpg,2
17854.jpg,3
17855.jpg,2
17856.jpg,6
17857.jpg,4
17858.jpg,2
17859.jpg,7
17860.jpg,8
17861.jpg,0
17862.jpg,1
17863.jpg,3
17864.jpg,1
17865.jpg,3
17866.jpg,6
17867.jpg,4
17868.jpg,8
17869.jpg,0
17870.jpg,6
17871.jpg,0
17872.jpg,9
17873.jpg,1
17874.jpg,6
17875.jpg,3
17876.jpg,1
17877.jpg,0
17878.jpg,1
17879.jpg,3
17880.jpg,0
17881.jpg,2
17882.jpg,7
17883.jpg,9
17884.jpg,9
17885.jpg,3
17886.jpg,7
17887.jpg,5
17888.jpg,7
17889.jpg,1
17890.jpg,6
17891.jpg,6
17892.jpg,9
17893.jpg,8
17894.jpg,1
17895.jpg,4
17896.jpg,4
17897.jpg,2
17898.jpg,1
17899.jpg,7
17900.jpg,0
17901.jpg,1
17902.jpg,2
17903.jpg,1
17904.jpg,1
17905.jpg,9
17906.jpg,4
17907.jpg,6
17908.jpg,9
17909.jpg,9
17910.jpg,5
17911.jpg,2
17912.jpg,0
17913.jpg,9
17914.jpg,7
17915.jpg,3
17916.jpg,0
17917.jpg,6
17918.jpg,4
17919.jpg,6
17920.jpg,9
17921.jpg,7
17922.jpg,8
17923.jpg,9
17924.jpg,3
17925.jpg,0
17926.jpg,5
17927.jpg,7
17928.jpg,2
17929.jpg,0
17930.jpg,2
17931.jpg,9
17932.jpg,9
17933.jpg,3
17934.jpg,8
17935.jpg,7
17936.jpg,1
17937.jpg,1
17938.jpg,2
17939.jpg,2
17940.jpg,2
17941.jpg,2
17942.jpg,9
17943.jpg,1
17944.jpg,2
17945.jpg,6
17946.jpg,1
17947.jpg,6
17948.jpg,1
17949.jpg,8
17950.jpg,9
17951.jpg,2
17952.jpg,8
17953.jpg,1
17954.jpg,9
17955.jpg,9
17956.jpg,3
17957.jpg,4
17958.jpg,3
17959.jpg,0
17960.jpg,0
17961.jpg,3
17962.jpg,5
17963.jpg,7
17964.jpg,1
17965.jpg,7
17966.jpg,7
17967.jpg,1
17968.jpg,8
17969.jpg,6
17970.jpg,3
17971.jpg,5
17972.jpg,5
17973.jpg,1
17974.jpg,5
17975.jpg,2
17976.jpg,7
17977.jpg,8
17978.jpg,4
17979.jpg,7
17980.jpg,3
17981.jpg,5
17982.jpg,9
17983.jpg,8
17984.jpg,8
17985.jpg,5
17986.jpg,1
17987.jpg,0
17988.jpg,6
17989.jpg,7
17990.jpg,4
17991.jpg,9
17992.jpg,6
17993.jpg,0
17994.jpg,0
17995.jpg,8
17996.jpg,7
17997.jpg,1
17998.jpg,2
17999.jpg,6
18000.jpg,9
18001.jpg,1
18002.jpg,6
18003.jpg,5
18004.jpg,7
18005.jpg,1
18006.jpg,9
18007.jpg,0
18008.jpg,0
18009.jpg,5
18010.jpg,2
18011.jpg,8
18012.jpg,3
18013.jpg,8
18014.jpg,2
18015.jpg,0
18016.jpg,4
18017.jpg,0
18018.jpg,8
18019.jpg,3
18020.jpg,3
18021.jpg,1
18022.jpg,3
18023.jpg,3
18024.jpg,0
18025.jpg,5
18026.jpg,0
18027.jpg,4
18028.jpg,1
18029.jpg,7
18030.jpg,2
18031.jpg,8
18032.jpg,1
18033.jpg,3
18034.jpg,9
18035.jpg,1
18036.jpg,6
18037.jpg,1
18038.jpg,6
18039.jpg,1
18040.jpg,2
18041.jpg,8
18042.jpg,7
18043.jpg,0
18044.jpg,9
18045.jpg,5
18046.jpg,9
18047.jpg,0
18048.jpg,0
18049.jpg,1
18050.jpg,7
18051.jpg,9
18052.jpg,7
18053.jpg,1
18054.jpg,9
18055.jpg,2
18056.jpg,1
18057.jpg,9
18058.jpg,7
18059.jpg,3
18060.jpg,6
18061.jpg,0
18062.jpg,2
18063.jpg,0
18064.jpg,0
18065.jpg,9
18066.jpg,3
18067.jpg,8
18068.jpg,9
18069.jpg,2
18070.jpg,5
18071.jpg,4
18072.jpg,1
18073.jpg,0
18074.jpg,7
18075.jpg,8
18076.jpg,7
18077.jpg,3
18078.jpg,7
18079.jpg,5
18080.jpg,4
18081.jpg,6
18082.jpg,3
18083.jpg,9
18084.jpg,5
18085.jpg,2
18086.jpg,8
18087.jpg,5
18088.jpg,7
18089.jpg,9
18090.jpg,6
18091.jpg,7
18092.jpg,4
18093.jpg,7
18094.jpg,1
18095.jpg,8
18096.jpg,3
18097.jpg,1
18098.jpg,9
18099.jpg,3
18100.jpg,5
18101.jpg,8
18102.jpg,7
18103.jpg,7
18104.jpg,7
18105.jpg,0
18106.jpg,8
18107.jpg,1
18108.jpg,5
18109.jpg,2
18110.jpg,6
18111.jpg,5
18112.jpg,6
18113.jpg,6
18114.jpg,3
18115.jpg,5
18116.jpg,9
18117.jpg,8
18118.jpg,4
18119.jpg,6
18120.jpg,8
18121.jpg,0
18122.jpg,4
18123.jpg,1
18124.jpg,7
18125.jpg,8
18126.jpg,4
18127.jpg,9
18128.jpg,5
18129.jpg,2
18130.jpg,6
18131.jpg,5
18132.jpg,8
18133.jpg,8
18134.jpg,6
18135.jpg,7
18136.jpg,3
18137.jpg,8
18138.jpg,9
18139.jpg,9
18140.jpg,5
18141.jpg,3
18142.jpg,7
18143.jpg,9
18144.jpg,9
18145.jpg,9
18146.jpg,8
18147.jpg,5
18148.jpg,9
18149.jpg,9
18150.jpg,6
18151.jpg,8
18152.jpg,8
18153.jpg,4
18154.jpg,3
18155.jpg,1
18156.jpg,0
18157.jpg,1
18158.jpg,8
18159.jpg,8
18160.jpg,6
18161.jpg,3
18162.jpg,9
18163.jpg,0
18164.jpg,6
18165.jpg,1
18166.jpg,6
18167.jpg,6
18168.jpg,6
18169.jpg,3
18170.jpg,5
18171.jpg,6
18172.jpg,5
18173.jpg,3
18174.jpg,3
18175.jpg,3
18176.jpg,6
18177.jpg,8
18178.jpg,9
18179.jpg,4
18180.jpg,4
18181.jpg,3
18182.jpg,8
18183.jpg,3
18184.jpg,6
18185.jpg,0
18186.jpg,8
18187.jpg,5
18188.jpg,7
18189.jpg,8
18190.jpg,4
18191.jpg,6
18192.jpg,5
18193.jpg,3
18194.jpg,1
18195.jpg,8
18196.jpg,0
18197.jpg,0
18198.jpg,4
18199.jpg,4
18200.jpg,3
18201.jpg,3
18202.jpg,5
18203.jpg,3
18204.jpg,3
18205.jpg,2
18206.jpg,7
18207.jpg,7
18208.jpg,8
18209.jpg,4
18210.jpg,0
18211.jpg,5
18212.jpg,6
18213.jpg,6
18214.jpg,1
18215.jpg,1
18216.jpg,3
18217.jpg,9
18218.jpg,9
18219.jpg,3
18220.jpg,6
18221.jpg,7
18222.jpg,1
18223.jpg,8
18224.jpg,3
18225.jpg,9
18226.jpg,8
18227.jpg,7
18228.jpg,8
18229.jpg,8
18230.jpg,0
18231.jpg,3
18232.jpg,2
18233.jpg,4
18234.jpg,1
18235.jpg,7
18236.jpg,3
18237.jpg,7
18238.jpg,1
18239.jpg,8
18240.jpg,7
18241.jpg,6
18242.jpg,5
18243.jpg,4
18244.jpg,4
18245.jpg,3
18246.jpg,0
18247.jpg,6
18248.jpg,0
18249.jpg,1
18250.jpg,6
18251.jpg,3
18252.jpg,2
18253.jpg,2
18254.jpg,2
18255.jpg,9
18256.jpg,8
18257.jpg,3
18258.jpg,3
18259.jpg,0
18260.jpg,1
18261.jpg,9
18262.jpg,3
18263.jpg,5
18264.jpg,2
18265.jpg,0
18266.jpg,5
18267.jpg,0
18268.jpg,5
18269.jpg,8
18270.jpg,6
18271.jpg,3
18272.jpg,1
18273.jpg,6
18274.jpg,6
18275.jpg,3
18276.jpg,0
18277.jpg,7
18278.jpg,8
18279.jpg,3
18280.jpg,4
18281.jpg,5
18282.jpg,1
18283.jpg,1
18284.jpg,0
18285.jpg,9
18286.jpg,7
18287.jpg,8
18288.jpg,5
18289.jpg,7
18290.jpg,8
18291.jpg,7
18292.jpg,9
18293.jpg,0
18294.jpg,8
18295.jpg,3
18296.jpg,3
18297.jpg,1
18298.jpg,5
18299.jpg,3
18300.jpg,6
18301.jpg,5
18302.jpg,3
18303.jpg,0
18304.jpg,9
18305.jpg,4
18306.jpg,6
18307.jpg,4
18308.jpg,2
18309.jpg,4
18310.jpg,3
18311.jpg,8
18312.jpg,9
18313.jpg,6
18314.jpg,2
18315.jpg,6
18316.jpg,5
18317.jpg,5
18318.jpg,3
18319.jpg,7
18320.jpg,7
18321.jpg,4
18322.jpg,4
18323.jpg,9
18324.jpg,5
18325.jpg,0
18326.jpg,5
18327.jpg,7
18328.jpg,7
18329.jpg,8
18330.jpg,5
18331.jpg,3
18332.jpg,9
18333.jpg,1
18334.jpg,6
18335.jpg,3
18336.jpg,5
18337.jpg,3
18338.jpg,3
18339.jpg,8
18340.jpg,5
18341.jpg,3
18342.jpg,1
18343.jpg,3
18344.jpg,7
18345.jpg,9
18346.jpg,6
18347.jpg,1
18348.jpg,6
18349.jpg,4
18350.jpg,9
18351.jpg,0
18352.jpg,5
18353.jpg,7
18354.jpg,4
18355.jpg,9
18356.jpg,1
18357.jpg,8
18358.jpg,0
18359.jpg,2
18360.jpg,7
18361.jpg,1
18362.jpg,3
18363.jpg,5
18364.jpg,9
18365.jpg,6
18366.jpg,1
18367.jpg,6
18368.jpg,6
18369.jpg,4
18370.jpg,6
18371.jpg,2
18372.jpg,1
18373.jpg,8
18374.jpg,4
18375.jpg,4
18376.jpg,7
18377.jpg,8
18378.jpg,5
18379.jpg,8
18380.jpg,9
18381.jpg,4
18382.jpg,3
18383.jpg,2
18384.jpg,3
18385.jpg,1
18386.jpg,3
18387.jpg,0
18388.jpg,1
18389.jpg,1
18390.jpg,1
18391.jpg,1
18392.jpg,6
18393.jpg,8
18394.jpg,7
18395.jpg,1
18396.jpg,0
18397.jpg,4
18398.jpg,4
18399.jpg,5
18400.jpg,0
18401.jpg,2
18402.jpg,0
18403.jpg,6
18404.jpg,2
18405.jpg,0
18406.jpg,9
18407.jpg,8
18408.jpg,6
18409.jpg,8
18410.jpg,5
18411.jpg,8
18412.jpg,2
18413.jpg,9
18414.jpg,6
18415.jpg,0
18416.jpg,6
18417.jpg,1
18418.jpg,8
18419.jpg,7
18420.jpg,3
18421.jpg,2
18422.jpg,2
18423.jpg,6
18424.jpg,5
18425.jpg,6
18426.jpg,9
18427.jpg,2
18428.jpg,5
18429.jpg,4
18430.jpg,9
18431.jpg,8
18432.jpg,5
18433.jpg,3
18434.jpg,9
18435.jpg,8
18436.jpg,5
18437.jpg,7
18438.jpg,1
18439.jpg,8
18440.jpg,3
18441.jpg,8
18442.jpg,6
18443.jpg,4
18444.jpg,5
18445.jpg,1
18446.jpg,3
18447.jpg,0
18448.jpg,4
18449.jpg,1
18450.jpg,9
18451.jpg,2
18452.jpg,4
18453.jpg,8
18454.jpg,2
18455.jpg,1
18456.jpg,4
18457.jpg,4
18458.jpg,5
18459.jpg,9
18460.jpg,8
18461.jpg,5
18462.jpg,2
18463.jpg,1
18464.jpg,6
18465.jpg,9
18466.jpg,7
18467.jpg,3
18468.jpg,6
18469.jpg,1
18470.jpg,8
18471.jpg,0
18472.jpg,2
18473.jpg,0
18474.jpg,4
18475.jpg,9
18476.jpg,4
18477.jpg,5
18478.jpg,5
18479.jpg,4
18480.jpg,2
18481.jpg,3
18482.jpg,1
18483.jpg,0
18484.jpg,3
18485.jpg,0
18486.jpg,7
18487.jpg,2
18488.jpg,1
18489.jpg,1
18490.jpg,5
18491.jpg,7
18492.jpg,9
18493.jpg,5
18494.jpg,1
18495.jpg,1
18496.jpg,0
18497.jpg,4
18498.jpg,1
18499.jpg,9
18500.jpg,4
18501.jpg,0
18502.jpg,1
18503.jpg,1
18504.jpg,8
18505.jpg,5
18506.jpg,9
18507.jpg,0
18508.jpg,1
18509.jpg,6
18510.jpg,7
18511.jpg,2
18512.jpg,9
18513.jpg,9
18514.jpg,3
18515.jpg,8
18516.jpg,8
18517.jpg,1
18518.jpg,9
18519.jpg,7
18520.jpg,8
18521.jpg,8
18522.jpg,1
18523.jpg,6
18524.jpg,6
18525.jpg,3
18526.jpg,5
18527.jpg,1
18528.jpg,3
18529.jpg,0
18530.jpg,8
18531.jpg,8
18532.jpg,3
18533.jpg,6
18534.jpg,6
18535.jpg,5
18536.jpg,9
18537.jpg,0
18538.jpg,7
18539.jpg,6
18540.jpg,4
18541.jpg,1
18542.jpg,2
18543.jpg,0
18544.jpg,6
18545.jpg,3
18546.jpg,0
18547.jpg,6
18548.jpg,6
18549.jpg,9
18550.jpg,1
18551.jpg,8
18552.jpg,6
18553.jpg,7
18554.jpg,0
18555.jpg,5
18556.jpg,4
18557.jpg,3
18558.jpg,2
18559.jpg,1
18560.jpg,7
18561.jpg,8
18562.jpg,2
18563.jpg,0
18564.jpg,1
18565.jpg,7
18566.jpg,2
18567.jpg,8
18568.jpg,7
18569.jpg,6
18570.jpg,6
18571.jpg,7
18572.jpg,0
18573.jpg,0
18574.jpg,4
18575.jpg,9
18576.jpg,0
18577.jpg,6
18578.jpg,5
18579.jpg,1
18580.jpg,5
18581.jpg,8
18582.jpg,6
18583.jpg,8
18584.jpg,1
18585.jpg,9
18586.jpg,6
18587.jpg,7
18588.jpg,6
18589.jpg,3
18590.jpg,0
18591.jpg,6
18592.jpg,0
18593.jpg,8
18594.jpg,3
18595.jpg,1
18596.jpg,1
18597.jpg,7
18598.jpg,3
18599.jpg,4
18600.jpg,3
18601.jpg,3
18602.jpg,8
18603.jpg,1
18604.jpg,6
18605.jpg,6
18606.jpg,1
18607.jpg,8
18608.jpg,8
18609.jpg,6
18610.jpg,2
18611.jpg,5
18612.jpg,4
18613.jpg,6
18614.jpg,8
18615.jpg,9
18616.jpg,7
18617.jpg,4
18618.jpg,3
18619.jpg,5
18620.jpg,5
18621.jpg,1
18622.jpg,4
18623.jpg,1
18624.jpg,9
18625.jpg,5
18626.jpg,1
18627.jpg,7
18628.jpg,7
18629.jpg,7
18630.jpg,5
18631.jpg,2
18632.jpg,8
18633.jpg,3
18634.jpg,5
18635.jpg,6
18636.jpg,6
18637.jpg,4
18638.jpg,0
18639.jpg,7
18640.jpg,1
18641.jpg,7
18642.jpg,6
18643.jpg,0
18644.jpg,5
18645.jpg,1
18646.jpg,2
18647.jpg,4
18648.jpg,1
18649.jpg,2
18650.jpg,2
18651.jpg,2
18652.jpg,9
18653.jpg,8
18654.jpg,2
18655.jpg,8
18656.jpg,7
18657.jpg,6
18658.jpg,7
18659.jpg,4
18660.jpg,7
18661.jpg,2
18662.jpg,3
18663.jpg,1
18664.jpg,5
18665.jpg,3
18666.jpg,9
18667.jpg,4
18668.jpg,6
18669.jpg,4
18670.jpg,9
18671.jpg,4
18672.jpg,7
18673.jpg,9
18674.jpg,1
18675.jpg,7
18676.jpg,8
18677.jpg,3
18678.jpg,1
18679.jpg,8
18680.jpg,3
18681.jpg,2
18682.jpg,5
18683.jpg,7
18684.jpg,2
18685.jpg,7
18686.jpg,9
18687.jpg,6
18688.jpg,8
18689.jpg,6
18690.jpg,8
18691.jpg,6
18692.jpg,5
18693.jpg,9
18694.jpg,0
18695.jpg,4
18696.jpg,8
18697.jpg,5
18698.jpg,6
18699.jpg,5
18700.jpg,3
18701.jpg,8
18702.jpg,0
18703.jpg,4
18704.jpg,8
18705.jpg,6
18706.jpg,7
18707.jpg,2
18708.jpg,3
18709.jpg,1
18710.jpg,7
18711.jpg,4
18712.jpg,1
18713.jpg,0
18714.jpg,4
18715.jpg,2
18716.jpg,4
18717.jpg,8
18718.jpg,7
18719.jpg,2
18720.jpg,0
18721.jpg,5
18722.jpg,7
18723.jpg,7
18724.jpg,6
18725.jpg,8
18726.jpg,9
18727.jpg,9
18728.jpg,5
18729.jpg,5
18730.jpg,2
18731.jpg,9
18732.jpg,1
18733.jpg,7
18734.jpg,2
18735.jpg,3
18736.jpg,3
18737.jpg,7
18738.jpg,4
18739.jpg,3
18740.jpg,2
18741.jpg,8
18742.jpg,9
18743.jpg,8
18744.jpg,1
18745.jpg,5
18746.jpg,3
18747.jpg,2
18748.jpg,6
18749.jpg,5
18750.jpg,9
18751.jpg,1
18752.jpg,5
18753.jpg,7
18754.jpg,3
18755.jpg,6
18756.jpg,9
18757.jpg,0
18758.jpg,9
18759.jpg,7
18760.jpg,8
18761.jpg,0
18762.jpg,8
18763.jpg,9
18764.jpg,1
18765.jpg,2
18766.jpg,5
18767.jpg,7
18768.jpg,2
18769.jpg,0
18770.jpg,3
18771.jpg,6
18772.jpg,1
18773.jpg,2
18774.jpg,3
18775.jpg,1
18776.jpg,5
18777.jpg,0
18778.jpg,3
18779.jpg,5
18780.jpg,4
18781.jpg,1
18782.jpg,5
18783.jpg,6
18784.jpg,4
18785.jpg,8
18786.jpg,3
18787.jpg,4
18788.jpg,5
18789.jpg,5
18790.jpg,0
18791.jpg,6
18792.jpg,6
18793.jpg,7
18794.jpg,5
18795.jpg,0
18796.jpg,9
18797.jpg,9
18798.jpg,6
18799.jpg,1
18800.jpg,0
18801.jpg,4
18802.jpg,6
18803.jpg,7
18804.jpg,3
18805.jpg,9
18806.jpg,2
18807.jpg,6
18808.jpg,6
18809.jpg,8
18810.jpg,5
18811.jpg,7
18812.jpg,0
18813.jpg,1
18814.jpg,9
18815.jpg,1
18816.jpg,7
18817.jpg,2
18818.jpg,3
18819.jpg,0
18820.jpg,2
18821.jpg,7
18822.jpg,6
18823.jpg,7
18824.jpg,3
18825.jpg,1
18826.jpg,8
18827.jpg,2
18828.jpg,0
18829.jpg,0
18830.jpg,9
18831.jpg,6
18832.jpg,6
18833.jpg,6
18834.jpg,8
18835.jpg,7
18836.jpg,4
18837.jpg,1
18838.jpg,8
18839.jpg,1
18840.jpg,3
18841.jpg,2
18842.jpg,4
18843.jpg,8
18844.jpg,5
18845.jpg,2
18846.jpg,6
18847.jpg,5
18848.jpg,3
18849.jpg,9
18850.jpg,9
18851.jpg,0
18852.jpg,7
18853.jpg,2
18854.jpg,3
18855.jpg,4
18856.jpg,0
18857.jpg,0
18858.jpg,6
18859.jpg,2
18860.jpg,2
18861.jpg,4
18862.jpg,0
18863.jpg,5
18864.jpg,9
18865.jpg,4
18866.jpg,1
18867.jpg,8
18868.jpg,7
18869.jpg,5
18870.jpg,5
18871.jpg,9
18872.jpg,8
18873.jpg,5
18874.jpg,7
18875.jpg,8
18876.jpg,1
18877.jpg,9
18878.jpg,8
18879.jpg,9
18880.jpg,1
18881.jpg,6
18882.jpg,3
18883.jpg,8
18884.jpg,0
18885.jpg,3
18886.jpg,5
18887.jpg,4
18888.jpg,8
18889.jpg,4
18890.jpg,8
18891.jpg,9
18892.jpg,8
18893.jpg,6
18894.jpg,0
18895.jpg,0
18896.jpg,8
18897.jpg,2
18898.jpg,7
18899.jpg,4
18900.jpg,2
18901.jpg,7
18902.jpg,6
18903.jpg,0
18904.jpg,5
18905.jpg,8
18906.jpg,2
18907.jpg,1
18908.jpg,9
18909.jpg,0
18910.jpg,1
18911.jpg,4
18912.jpg,4
18913.jpg,8
18914.jpg,4
18915.jpg,9
18916.jpg,6
18917.jpg,0
18918.jpg,7
18919.jpg,4
18920.jpg,6
18921.jpg,8
18922.jpg,9
18923.jpg,6
18924.jpg,2
18925.jpg,0
18926.jpg,4
18927.jpg,9
18928.jpg,2
18929.jpg,9
18930.jpg,3
18931.jpg,9
18932.jpg,2
18933.jpg,3
18934.jpg,7
18935.jpg,0
18936.jpg,9
18937.jpg,7
18938.jpg,1
18939.jpg,8
18940.jpg,3
18941.jpg,0
18942.jpg,6
18943.jpg,5
18944.jpg,7
18945.jpg,1
18946.jpg,9
18947.jpg,4
18948.jpg,6
18949.jpg,7
18950.jpg,9
18951.jpg,8
18952.jpg,5
18953.jpg,9
18954.jpg,2
18955.jpg,1
18956.jpg,0
18957.jpg,7
18958.jpg,4
18959.jpg,1
18960.jpg,0
18961.jpg,0
18962.jpg,3
18963.jpg,6
18964.jpg,0
18965.jpg,4
18966.jpg,3
18967.jpg,2
18968.jpg,8
18969.jpg,8
18970.jpg,0
18971.jpg,6
18972.jpg,9
18973.jpg,3
18974.jpg,2
18975.jpg,8
18976.jpg,7
18977.jpg,1
18978.jpg,6
18979.jpg,5
18980.jpg,9
18981.jpg,4
18982.jpg,2
18983.jpg,5
18984.jpg,6
18985.jpg,9
18986.jpg,6
18987.jpg,2
18988.jpg,2
18989.jpg,4
18990.jpg,1
18991.jpg,0
18992.jpg,5
18993.jpg,0
18994.jpg,8
18995.jpg,9
18996.jpg,4
18997.jpg,5
18998.jpg,9
18999.jpg,3
19000.jpg,8
19001.jpg,1
19002.jpg,6
19003.jpg,3
19004.jpg,7
19005.jpg,5
19006.jpg,6
19007.jpg,2
19008.jpg,0
19009.jpg,2
19010.jpg,1
19011.jpg,6
19012.jpg,8
19013.jpg,7
19014.jpg,7
19015.jpg,8
19016.jpg,1
19017.jpg,0
19018.jpg,8
19019.jpg,9
19020.jpg,7
19021.jpg,0
19022.jpg,3
19023.jpg,8
19024.jpg,0
19025.jpg,5
19026.jpg,9
19027.jpg,5
19028.jpg,8
19029.jpg,0
19030.jpg,2
19031.jpg,0
19032.jpg,9
19033.jpg,2
19034.jpg,4
19035.jpg,7
19036.jpg,6
19037.jpg,1
19038.jpg,2
19039.jpg,6
19040.jpg,2
19041.jpg,3
19042.jpg,1
19043.jpg,3
19044.jpg,2
19045.jpg,0
19046.jpg,0
19047.jpg,4
19048.jpg,9
19049.jpg,6
19050.jpg,3
19051.jpg,8
19052.jpg,0
19053.jpg,3
19054.jpg,8
19055.jpg,6
19056.jpg,4
19057.jpg,8
19058.jpg,3
19059.jpg,1
19060.jpg,9
19061.jpg,7
19062.jpg,9
19063.jpg,7
19064.jpg,9
19065.jpg,3
19066.jpg,1
19067.jpg,9
19068.jpg,6
19069.jpg,9
19070.jpg,2
19071.jpg,0
19072.jpg,9
19073.jpg,5
19074.jpg,4
19075.jpg,0
19076.jpg,6
19077.jpg,2
19078.jpg,4
19079.jpg,1
19080.jpg,5
19081.jpg,7
19082.jpg,2
19083.jpg,0
19084.jpg,5
19085.jpg,9
19086.jpg,0
19087.jpg,3
19088.jpg,3
19089.jpg,3
19090.jpg,2
19091.jpg,7
19092.jpg,6
19093.jpg,2
19094.jpg,2
19095.jpg,5
19096.jpg,9
19097.jpg,0
19098.jpg,5
19099.jpg,9
19100.jpg,1
19101.jpg,8
19102.jpg,7
19103.jpg,7
19104.jpg,4
19105.jpg,8
19106.jpg,6
19107.jpg,3
19108.jpg,2
19109.jpg,3
19110.jpg,1
19111.jpg,0
19112.jpg,4
19113.jpg,1
19114.jpg,1
19115.jpg,8
19116.jpg,4
19117.jpg,9
19118.jpg,4
19119.jpg,4
19120.jpg,0
19121.jpg,5
19122.jpg,9
19123.jpg,2
19124.jpg,0
19125.jpg,1
19126.jpg,1
19127.jpg,9
19128.jpg,4
19129.jpg,4
19130.jpg,8
19131.jpg,3
19132.jpg,6
19133.jpg,9
19134.jpg,5
19135.jpg,7
19136.jpg,6
19137.jpg,6
19138.jpg,5
19139.jpg,4
19140.jpg,7
19141.jpg,3
19142.jpg,3
19143.jpg,0
19144.jpg,0
19145.jpg,9
19146.jpg,5
19147.jpg,9
19148.jpg,5
19149.jpg,7
19150.jpg,6
19151.jpg,0
19152.jpg,4
19153.jpg,2
19154.jpg,2
19155.jpg,5
19156.jpg,6
19157.jpg,3
19158.jpg,1
19159.jpg,9
19160.jpg,5
19161.jpg,6
19162.jpg,1
19163.jpg,4
19164.jpg,5
19165.jpg,4
19166.jpg,6
19167.jpg,7
19168.jpg,2
19169.jpg,9
19170.jpg,0
19171.jpg,2
19172.jpg,0
19173.jpg,4
19174.jpg,9
19175.jpg,8
19176.jpg,8
19177.jpg,9
19178.jpg,1
19179.jpg,1
19180.jpg,5
19181.jpg,0
19182.jpg,0
19183.jpg,8
19184.jpg,7
19185.jpg,1
19186.jpg,5
19187.jpg,4
19188.jpg,5
19189.jpg,4
19190.jpg,3
19191.jpg,3
19192.jpg,2
19193.jpg,0
19194.jpg,6
19195.jpg,6
19196.jpg,0
19197.jpg,1
19198.jpg,3
19199.jpg,9
19200.jpg,8
19201.jpg,3
19202.jpg,7
19203.jpg,8
19204.jpg,9
19205.jpg,4
19206.jpg,8
19207.jpg,9
19208.jpg,0
19209.jpg,9
19210.jpg,7
19211.jpg,1
19212.jpg,6
19213.jpg,2
19214.jpg,9
19215.jpg,5
19216.jpg,4
19217.jpg,9
19218.jpg,2
19219.jpg,0
19220.jpg,8
19221.jpg,7
19222.jpg,7
19223.jpg,1
19224.jpg,6
19225.jpg,2
19226.jpg,3
19227.jpg,9
19228.jpg,3
19229.jpg,1
19230.jpg,7
19231.jpg,3
19232.jpg,1
19233.jpg,8
19234.jpg,2
19235.jpg,0
19236.jpg,9
19237.jpg,3
19238.jpg,9
19239.jpg,8
19240.jpg,8
19241.jpg,6
19242.jpg,7
19243.jpg,3
19244.jpg,7
19245.jpg,1
19246.jpg,3
19247.jpg,9
19248.jpg,8
19249.jpg,9
19250.jpg,3
19251.jpg,6
19252.jpg,7
19253.jpg,0
19254.jpg,5
19255.jpg,3
19256.jpg,0
19257.jpg,5
19258.jpg,9
19259.jpg,7
19260.jpg,3
19261.jpg,5
19262.jpg,0
19263.jpg,6
19264.jpg,3
19265.jpg,1
19266.jpg,8
19267.jpg,1
19268.jpg,7
19269.jpg,3
19270.jpg,9
19271.jpg,0
19272.jpg,0
19273.jpg,0
19274.jpg,8
19275.jpg,8
19276.jpg,7
19277.jpg,3
19278.jpg,7
19279.jpg,8
19280.jpg,9
19281.jpg,3
19282.jpg,7
19283.jpg,9
19284.jpg,7
19285.jpg,8
19286.jpg,7
19287.jpg,9
19288.jpg,8
19289.jpg,5
19290.jpg,4
19291.jpg,8
19292.jpg,7
19293.jpg,7
19294.jpg,6
19295.jpg,3
19296.jpg,8
19297.jpg,2
19298.jpg,1
19299.jpg,9
19300.jpg,2
19301.jpg,7
19302.jpg,1
19303.jpg,9
19304.jpg,5
19305.jpg,7
19306.jpg,8
19307.jpg,7
19308.jpg,3
19309.jpg,5
19310.jpg,3
19311.jpg,5
19312.jpg,9
19313.jpg,7
19314.jpg,6
19315.jpg,7
19316.jpg,6
19317.jpg,6
19318.jpg,4
19319.jpg,5
19320.jpg,9
19321.jpg,4
19322.jpg,2
19323.jpg,1
19324.jpg,9
19325.jpg,6
19326.jpg,0
19327.jpg,2
19328.jpg,6
19329.jpg,7
19330.jpg,4
19331.jpg,7
19332.jpg,9
19333.jpg,0
19334.jpg,7
19335.jpg,4
19336.jpg,5
19337.jpg,3
19338.jpg,3
19339.jpg,1
19340.jpg,1
19341.jpg,2
19342.jpg,6
19343.jpg,8
19344.jpg,2
19345.jpg,9
19346.jpg,5
19347.jpg,8
19348.jpg,5
19349.jpg,1
19350.jpg,6
19351.jpg,9
19352.jpg,8
19353.jpg,5
19354.jpg,0
19355.jpg,6
19356.jpg,0
19357.jpg,9
19358.jpg,2
19359.jpg,6
19360.jpg,0
19361.jpg,8
19362.jpg,9
19363.jpg,3
19364.jpg,5
19365.jpg,6
19366.jpg,8
19367.jpg,9
19368.jpg,1
19369.jpg,3
19370.jpg,1
19371.jpg,8
19372.jpg,7
19373.jpg,1
19374.jpg,7
19375.jpg,4
19376.jpg,3
19377.jpg,4
19378.jpg,9
19379.jpg,7
19380.jpg,3
19381.jpg,2
19382.jpg,9
19383.jpg,9
19384.jpg,4
19385.jpg,3
19386.jpg,4
19387.jpg,1
19388.jpg,3
19389.jpg,8
19390.jpg,7
19391.jpg,9
19392.jpg,0
19393.jpg,4
19394.jpg,5
19395.jpg,7
19396.jpg,5
19397.jpg,2
19398.jpg,8
19399.jpg,7
19400.jpg,6
19401.jpg,9
19402.jpg,6
19403.jpg,9
19404.jpg,3
19405.jpg,8
19406.jpg,5
19407.jpg,6
19408.jpg,6
19409.jpg,9
19410.jpg,5
19411.jpg,7
19412.jpg,8
19413.jpg,0
19414.jpg,5
19415.jpg,1
19416.jpg,7
19417.jpg,4
19418.jpg,8
19419.jpg,5
19420.jpg,5
19421.jpg,1
19422.jpg,3
19423.jpg,2
19424.jpg,2
19425.jpg,6
19426.jpg,2
19427.jpg,1
19428.jpg,0
19429.jpg,4
19430.jpg,6
19431.jpg,5
19432.jpg,9
19433.jpg,3
19434.jpg,7
19435.jpg,2
19436.jpg,1
19437.jpg,3
19438.jpg,7
19439.jpg,0
19440.jpg,8
19441.jpg,4
19442.jpg,4
19443.jpg,5
19444.jpg,7
19445.jpg,3
19446.jpg,5
19447.jpg,4
19448.jpg,5
19449.jpg,0
19450.jpg,6
19451.jpg,8
19452.jpg,0
19453.jpg,3
19454.jpg,3
19455.jpg,1
19456.jpg,6
19457.jpg,9
19458.jpg,7
19459.jpg,0
19460.jpg,3
19461.jpg,4
19462.jpg,8
19463.jpg,9
19464.jpg,4
19465.jpg,5
19466.jpg,8
19467.jpg,4
19468.jpg,5
19469.jpg,0
19470.jpg,9
19471.jpg,4
19472.jpg,9
19473.jpg,0
19474.jpg,8
19475.jpg,2
19476.jpg,8
19477.jpg,5
19478.jpg,7
19479.jpg,7
19480.jpg,2
19481.jpg,2
19482.jpg,0
19483.jpg,0
19484.jpg,0
19485.jpg,7
19486.jpg,4
19487.jpg,1
19488.jpg,6
19489.jpg,6
19490.jpg,1
19491.jpg,8
19492.jpg,9
19493.jpg,0
19494.jpg,9
19495.jpg,0
19496.jpg,1
19497.jpg,6
19498.jpg,6
19499.jpg,0
19500.jpg,9
19501.jpg,6
19502.jpg,6
19503.jpg,4
19504.jpg,6
19505.jpg,3
19506.jpg,0
19507.jpg,8
19508.jpg,8
19509.jpg,4
19510.jpg,1
19511.jpg,4
19512.jpg,0
19513.jpg,6
19514.jpg,5
19515.jpg,0
19516.jpg,9
19517.jpg,9
19518.jpg,9
19519.jpg,9
19520.jpg,1
19521.jpg,2
19522.jpg,4
19523.jpg,5
19524.jpg,4
19525.jpg,2
19526.jpg,9
19527.jpg,6
19528.jpg,8
19529.jpg,3
19530.jpg,6
19531.jpg,6
19532.jpg,8
19533.jpg,0
19534.jpg,6
19535.jpg,9
19536.jpg,3
19537.jpg,6
19538.jpg,8
19539.jpg,0
19540.jpg,5
19541.jpg,4
19542.jpg,1
19543.jpg,2
19544.jpg,0
19545.jpg,9
19546.jpg,6
19547.jpg,4
19548.jpg,6
19549.jpg,4
19550.jpg,6
19551.jpg,5
19552.jpg,9
19553.jpg,7
19554.jpg,7
19555.jpg,4
19556.jpg,6
19557.jpg,2
19558.jpg,0
19559.jpg,9
19560.jpg,9
19561.jpg,0
19562.jpg,3
19563.jpg,5
19564.jpg,9
19565.jpg,0
19566.jpg,9
19567.jpg,7
19568.jpg,8
19569.jpg,6
19570.jpg,7
19571.jpg,6
19572.jpg,8
19573.jpg,2
19574.jpg,4
19575.jpg,5
19576.jpg,3
19577.jpg,0
19578.jpg,3
19579.jpg,3
19580.jpg,1
19581.jpg,7
19582.jpg,5
19583.jpg,0
19584.jpg,3
19585.jpg,4
19586.jpg,5
19587.jpg,9
19588.jpg,1
19589.jpg,5
19590.jpg,0
19591.jpg,1
19592.jpg,1
19593.jpg,3
19594.jpg,9
19595.jpg,7
19596.jpg,3
19597.jpg,4
19598.jpg,9
19599.jpg,7
19600.jpg,8
19601.jpg,1
19602.jpg,0
19603.jpg,2
19604.jpg,8
19605.jpg,3
19606.jpg,6
19607.jpg,7
19608.jpg,0
19609.jpg,1
19610.jpg,4
19611.jpg,8
19612.jpg,4
19613.jpg,4
19614.jpg,6
19615.jpg,6
19616.jpg,4
19617.jpg,8
19618.jpg,1
19619.jpg,8
19620.jpg,7
19621.jpg,6
19622.jpg,7
19623.jpg,9
19624.jpg,8
19625.jpg,0
19626.jpg,1
19627.jpg,4
19628.jpg,9
19629.jpg,1
19630.jpg,6
19631.jpg,7
19632.jpg,2
19633.jpg,0
19634.jpg,1
19635.jpg,6
19636.jpg,6
19637.jpg,5
19638.jpg,2
19639.jpg,2
19640.jpg,7
19641.jpg,6
19642.jpg,0
19643.jpg,8
19644.jpg,0
19645.jpg,1
19646.jpg,5
19647.jpg,3
19648.jpg,3
19649.jpg,5
19650.jpg,8
19651.jpg,7
19652.jpg,3
19653.jpg,6
19654.jpg,5
19655.jpg,8
19656.jpg,0
19657.jpg,3
19658.jpg,9
19659.jpg,4
19660.jpg,6
19661.jpg,5
19662.jpg,1
19663.jpg,1
19664.jpg,0
19665.jpg,3
19666.jpg,3
19667.jpg,9
19668.jpg,4
19669.jpg,8
19670.jpg,1
19671.jpg,7
19672.jpg,7
19673.jpg,9
19674.jpg,9
19675.jpg,4
19676.jpg,3
19677.jpg,6
19678.jpg,3
19679.jpg,2
19680.jpg,8
19681.jpg,2
19682.jpg,7
19683.jpg,5
19684.jpg,7
19685.jpg,0
19686.jpg,2
19687.jpg,1
19688.jpg,2
19689.jpg,9
19690.jpg,4
19691.jpg,3
19692.jpg,9
19693.jpg,3
19694.jpg,9
19695.jpg,0
19696.jpg,1
19697.jpg,8
19698.jpg,7
19699.jpg,0
19700.jpg,0
19701.jpg,4
19702.jpg,7
19703.jpg,4
19704.jpg,3
19705.jpg,6
19706.jpg,9
19707.jpg,5
19708.jpg,9
19709.jpg,9
19710.jpg,7
19711.jpg,4
19712.jpg,5
19713.jpg,8
19714.jpg,1
19715.jpg,4
19716.jpg,7
19717.jpg,9
19718.jpg,9
19719.jpg,8
19720.jpg,8
19721.jpg,6
19722.jpg,9
19723.jpg,7
19724.jpg,0
19725.jpg,8
19726.jpg,9
19727.jpg,0
19728.jpg,2
19729.jpg,6
19730.jpg,6
19731.jpg,2
19732.jpg,9
19733.jpg,7
19734.jpg,7
19735.jpg,6
19736.jpg,8
19737.jpg,5
19738.jpg,6
19739.jpg,1
19740.jpg,6
19741.jpg,5
19742.jpg,9
19743.jpg,9
19744.jpg,9
19745.jpg,3
19746.jpg,0
19747.jpg,0
19748.jpg,3
19749.jpg,0
19750.jpg,2
19751.jpg,8
19752.jpg,7
19753.jpg,3
19754.jpg,9
19755.jpg,7
19756.jpg,9
19757.jpg,7
19758.jpg,6
19759.jpg,5
19760.jpg,9
19761.jpg,5
19762.jpg,6
19763.jpg,1
19764.jpg,2
19765.jpg,4
19766.jpg,0
19767.jpg,2
19768.jpg,7
19769.jpg,8
19770.jpg,4
19771.jpg,4
19772.jpg,0
19773.jpg,9
19774.jpg,3
19775.jpg,9
19776.jpg,2
19777.jpg,9
19778.jpg,3
19779.jpg,3
19780.jpg,5
19781.jpg,3
19782.jpg,2
19783.jpg,2
19784.jpg,0
19785.jpg,8
19786.jpg,1
19787.jpg,0
19788.jpg,1
19789.jpg,6
19790.jpg,8
19791.jpg,2
19792.jpg,9
19793.jpg,9
19794.jpg,0
19795.jpg,4
19796.jpg,9
19797.jpg,1
19798.jpg,5
19799.jpg,7
19800.jpg,1
19801.jpg,3
19802.jpg,0
19803.jpg,1
19804.jpg,5
19805.jpg,0
19806.jpg,8
19807.jpg,1
19808.jpg,1
19809.jpg,3
19810.jpg,8
19811.jpg,1
19812.jpg,8
19813.jpg,1
19814.jpg,8
19815.jpg,5
19816.jpg,1
19817.jpg,1
19818.jpg,8
19819.jpg,5
19820.jpg,0
19821.jpg,4
19822.jpg,0
19823.jpg,3
19824.jpg,1
19825.jpg,4
19826.jpg,0
19827.jpg,4
19828.jpg,9
19829.jpg,5
19830.jpg,1
19831.jpg,2
19832.jpg,7
19833.jpg,7
19834.jpg,8
19835.jpg,7
19836.jpg,2
19837.jpg,4
19838.jpg,5
19839.jpg,2
19840.jpg,7
19841.jpg,8
19842.jpg,4
19843.jpg,1
19844.jpg,2
19845.jpg,9
19846.jpg,8
19847.jpg,0
19848.jpg,2
19849.jpg,0
19850.jpg,7
19851.jpg,6
19852.jpg,0
19853.jpg,8
19854.jpg,9
19855.jpg,7
19856.jpg,5
19857.jpg,8
19858.jpg,4
19859.jpg,6
19860.jpg,0
19861.jpg,6
19862.jpg,3
19863.jpg,6
19864.jpg,8
19865.jpg,1
19866.jpg,9
19867.jpg,8
19868.jpg,9
19869.jpg,7
19870.jpg,2
19871.jpg,9
19872.jpg,0
19873.jpg,2
19874.jpg,5
19875.jpg,9
19876.jpg,0
19877.jpg,2
19878.jpg,7
19879.jpg,7
19880.jpg,7
19881.jpg,9
19882.jpg,1
19883.jpg,7
19884.jpg,9
19885.jpg,8
19886.jpg,4
19887.jpg,5
19888.jpg,0
19889.jpg,8
19890.jpg,0
19891.jpg,3
19892.jpg,5
19893.jpg,2
19894.jpg,1
19895.jpg,4
19896.jpg,4
19897.jpg,8
19898.jpg,9
19899.jpg,7
19900.jpg,8
19901.jpg,2
19902.jpg,1
19903.jpg,6
19904.jpg,0
19905.jpg,1
19906.jpg,1
19907.jpg,1
19908.jpg,8
19909.jpg,1
19910.jpg,7
19911.jpg,3
19912.jpg,0
19913.jpg,7
19914.jpg,8
19915.jpg,2
19916.jpg,1
19917.jpg,2
19918.jpg,7
19919.jpg,4
19920.jpg,6
19921.jpg,0
19922.jpg,5
19923.jpg,7
19924.jpg,8
19925.jpg,4
19926.jpg,2
19927.jpg,9
19928.jpg,5
19929.jpg,8
19930.jpg,9
19931.jpg,0
19932.jpg,8
19933.jpg,7
19934.jpg,4
19935.jpg,1
19936.jpg,8
19937.jpg,4
19938.jpg,9
19939.jpg,5
19940.jpg,4
19941.jpg,1
19942.jpg,7
19943.jpg,3
19944.jpg,7
19945.jpg,7
19946.jpg,0
19947.jpg,3
19948.jpg,8
19949.jpg,3
19950.jpg,3
19951.jpg,0
19952.jpg,5
19953.jpg,7
19954.jpg,0
19955.jpg,8
19956.jpg,5
19957.jpg,0
19958.jpg,9
19959.jpg,2
19960.jpg,0
19961.jpg,3
19962.jpg,4
19963.jpg,8
19964.jpg,2
19965.jpg,2
19966.jpg,6
19967.jpg,3
19968.jpg,5
19969.jpg,6
19970.jpg,2
19971.jpg,9
19972.jpg,4
19973.jpg,0
19974.jpg,1
19975.jpg,7
19976.jpg,5
19977.jpg,5
19978.jpg,7
19979.jpg,3
19980.jpg,0
19981.jpg,4
19982.jpg,4
19983.jpg,1
19984.jpg,7
19985.jpg,5
19986.jpg,8
19987.jpg,0
19988.jpg,8
19989.jpg,4
19990.jpg,7
19991.jpg,0
19992.jpg,3
19993.jpg,5
19994.jpg,3
19995.jpg,8
19996.jpg,5
19997.jpg,5
19998.jpg,0
19999.jpg,7
